AppleBench · suite gold · 136 task(s) × 1 configuration(s) × 1 run(s)

→ appintents-001 · opencode
agent   00:09:03 agent started
agent   00:09:03 !! Agent sealed: reference solutions, task files and other runs are unreadable.
agent   00:09:03 $ /usr/bin/sandbox-exec -f /Users/afterxleep/Developer/applebench-harness/.applebench/runs/2026-09-03T220903-appintents-001-opencode/agent.sb…
agent   00:09:04 exit 1 · /usr/bin/sandbox-exec -f /Users/afterxleep/Developer/applebench-harness/.applebench/runs/2026-09-03T220903-ap…
harness 00:09:04 agent finished · failed
grading 00:09:04 grading: build
grading 00:09:04 $ /usr/bin/xcodebuild -project AppIntentFixture.xcodeproj -scheme AppIntentFixture -destination platform=iOS Simulator,id=2A25404C-9643-4F73-…
grading 00:09:10 ok · /usr/bin/xcodebuild -project AppIntentFixture.xcodeproj -scheme AppIntentFixture -destination platform=iOS Si…
grading 00:09:10 PASS build
grading 00:09:10 grading: xctest
grading 00:09:10 $ /usr/bin/xcodebuild -project AppIntentFixture.xcodeproj -scheme AppIntentFixture -destination platform=iOS Simulator,id=2A25404C-9643-4F73-…
grading 00:09:19 exit 65 · /usr/bin/xcodebuild -project AppIntentFixture.xcodeproj -scheme AppIntentFixture -destination platform=iOS Si…
grading 00:09:19 $ /usr/bin/xcrun xcresulttool get test-results summary --path /Users/afterxleep/Developer/applebench-harness/.applebench/runs/2026-09-03T2209…
grading 00:09:19 ok · /usr/bin/xcrun xcresulttool get test-results summary --path /Users/afterxleep/Developer/applebench-harness/.a…
grading 00:09:19 FAIL xctest
grading 00:09:19 !! reaped a stray simulator
  FAIL · 16s
→ build-005 · opencode
agent   00:09:19 agent started
agent   00:09:19 !! Agent sealed: reference solutions, task files and other runs are unreadable.
agent   00:09:19 $ /usr/bin/sandbox-exec -f /Users/afterxleep/Developer/applebench-harness/.applebench/runs/2026-09-03T220919-build-005-opencode/agent.sb open…
agent   00:09:20 exit 1 · /usr/bin/sandbox-exec -f /Users/afterxleep/Developer/applebench-harness/.applebench/runs/2026-09-03T220919-bu…
harness 00:09:20 agent finished · failed
grading 00:09:20 grading: build
grading 00:09:20 $ /usr/bin/xcodebuild -project LinkErrorFixture.xcodeproj -scheme LinkErrorFixture -destination platform=iOS Simulator,id=B5DF5E2B-01B3-4EBA-…
grading 00:09:26 exit 65 · /usr/bin/xcodebuild -project LinkErrorFixture.xcodeproj -scheme LinkErrorFixture -destination platform=iOS Si…
grading 00:09:26 FAIL build
grading 00:09:26 grading: file
grading 00:09:26 PASS file
grading 00:09:26 !! reaped a stray simulator
  FAIL · 7s
→ coredata-001 · opencode
agent   00:09:27 agent started
agent   00:09:27 !! Agent sealed: reference solutions, task files and other runs are unreadable.
agent   00:09:27 $ /usr/bin/sandbox-exec -f /Users/afterxleep/Developer/applebench-harness/.applebench/runs/2026-09-03T220927-coredata-001-opencode/agent.sb o…
agent   00:09:27 exit 1 · /usr/bin/sandbox-exec -f /Users/afterxleep/Developer/applebench-harness/.applebench/runs/2026-09-03T220927-co…
harness 00:09:27 agent finished · failed
grading 00:09:28 grading: build
grading 00:09:28 $ /usr/bin/xcodebuild -project CoreDataNotesFixture.xcodeproj -scheme CoreDataNotesFixture -destination platform=iOS Simulator,id=4B937DF5-9C…
grading 00:09:33 ok · /usr/bin/xcodebuild -project CoreDataNotesFixture.xcodeproj -scheme CoreDataNotesFixture -destination platfor…
grading 00:09:33 PASS build
grading 00:09:33 grading: xctest
grading 00:09:33 $ /usr/bin/xcodebuild -project CoreDataNotesFixture.xcodeproj -scheme CoreDataNotesFixture -destination platform=iOS Simulator,id=4B937DF5-9C…
grading 00:09:41 exit 65 · /usr/bin/xcodebuild -project CoreDataNotesFixture.xcodeproj -scheme CoreDataNotesFixture -destination platfor…
grading 00:09:41 $ /usr/bin/xcrun xcresulttool get test-results summary --path /Users/afterxleep/Developer/applebench-harness/.applebench/runs/2026-09-03T2209…
grading 00:09:41 ok · /usr/bin/xcrun xcresulttool get test-results summary --path /Users/afterxleep/Developer/applebench-harness/.a…
grading 00:09:41 FAIL xctest
grading 00:09:42 !! reaped a stray simulator
  FAIL · 15s
→ coredata-002 · opencode
agent   00:09:42 agent started
agent   00:09:42 !! Agent sealed: reference solutions, task files and other runs are unreadable.
agent   00:09:42 $ /usr/bin/sandbox-exec -f /Users/afterxleep/Developer/applebench-harness/.applebench/runs/2026-09-03T220942-coredata-002-opencode/agent.sb o…
agent   00:09:43 exit 1 · /usr/bin/sandbox-exec -f /Users/afterxleep/Developer/applebench-harness/.applebench/runs/2026-09-03T220942-co…
harness 00:09:43 agent finished · failed
grading 00:09:43 grading: build
grading 00:09:43 $ /usr/bin/xcodebuild -project CoreDataSaveFixture.xcodeproj -scheme CoreDataSaveFixture -destination platform=iOS Simulator,id=504B0348-963C…
grading 00:09:48 ok · /usr/bin/xcodebuild -project CoreDataSaveFixture.xcodeproj -scheme CoreDataSaveFixture -destination platform=…
grading 00:09:48 PASS build
grading 00:09:48 grading: xctest
grading 00:09:48 $ /usr/bin/xcodebuild -project CoreDataSaveFixture.xcodeproj -scheme CoreDataSaveFixture -destination platform=iOS Simulator,id=504B0348-963C…
grading 00:09:57 exit 65 · /usr/bin/xcodebuild -project CoreDataSaveFixture.xcodeproj -scheme CoreDataSaveFixture -destination platform=…
grading 00:09:57 $ /usr/bin/xcrun xcresulttool get test-results summary --path /Users/afterxleep/Developer/applebench-harness/.applebench/runs/2026-09-03T2209…
grading 00:09:57 ok · /usr/bin/xcrun xcresulttool get test-results summary --path /Users/afterxleep/Developer/applebench-harness/.a…
grading 00:09:57 FAIL xctest
grading 00:09:58 !! reaped a stray simulator
  FAIL · 15s
→ interaction-001 · opencode
agent   00:09:58 agent started
agent   00:09:58 !! Agent sealed: reference solutions, task files and other runs are unreadable.
agent   00:09:58 $ /usr/bin/sandbox-exec -f /Users/afterxleep/Developer/applebench-harness/.applebench/runs/2026-09-03T220958-interaction-001-opencode/agent.s…
agent   00:09:59 exit 1 · /usr/bin/sandbox-exec -f /Users/afterxleep/Developer/applebench-harness/.applebench/runs/2026-09-03T220958-in…
harness 00:09:59 agent finished · failed
grading 00:10:20 grading: build
grading 00:10:20 $ /usr/bin/xcodebuild -project CartFixture.xcodeproj -scheme CartFixture -destination platform=iOS Simulator,id=41B23537-B7FA-40D1-A248-D2A34…
grading 00:10:28 ok · /usr/bin/xcodebuild -project CartFixture.xcodeproj -scheme CartFixture -destination platform=iOS Simulator,id…
grading 00:10:28 PASS build
grading 00:10:28 grading: xcuitest
grading 00:10:28 $ /usr/bin/xcodebuild -project CartFixture.xcodeproj -scheme CartFixture -destination platform=iOS Simulator,id=41B23537-B7FA-40D1-A248-D2A34…
grading 00:11:01 exit 65 · /usr/bin/xcodebuild -project CartFixture.xcodeproj -scheme CartFixture -destination platform=iOS Simulator,id…
grading 00:11:01 $ /usr/bin/xcrun xcresulttool get test-results summary --path /Users/afterxleep/Developer/applebench-harness/.applebench/runs/2026-09-03T2209…
grading 00:11:01 ok · /usr/bin/xcrun xcresulttool get test-results summary --path /Users/afterxleep/Developer/applebench-harness/.a…
grading 00:11:01 FAIL xcuitest
grading 00:11:01 grading: mutation
grading 00:11:01 $ /usr/bin/xcodebuild -project CartFixture.xcodeproj -scheme CartFixture -destination platform=iOS Simulator,id=41B23537-B7FA-40D1-A248-D2A34…
grading 00:11:47 exit 65 · /usr/bin/xcodebuild -project CartFixture.xcodeproj -scheme CartFixture -destination platform=iOS Simulator,id…
grading 00:11:47 PASS mutation
grading 00:11:50 !! reaped a stray simulator
  FAIL · 1m 49s
→ interaction-002 · opencode
agent   00:11:51 agent started
agent   00:11:51 !! Agent sealed: reference solutions, task files and other runs are unreadable.
agent   00:11:51 $ /usr/bin/sandbox-exec -f /Users/afterxleep/Developer/applebench-harness/.applebench/runs/2026-09-03T221151-interaction-002-opencode/agent.s…
agent   00:11:52 exit 1 · /usr/bin/sandbox-exec -f /Users/afterxleep/Developer/applebench-harness/.applebench/runs/2026-09-03T221151-in…
harness 00:11:52 agent finished · failed
grading 00:12:11 grading: build
grading 00:12:11 $ /usr/bin/xcodebuild -project SearchFixture.xcodeproj -scheme SearchFixture -destination platform=iOS Simulator,id=81ACC865-D1AC-4656-BF97-4…
grading 00:12:21 ok · /usr/bin/xcodebuild -project SearchFixture.xcodeproj -scheme SearchFixture -destination platform=iOS Simulato…
grading 00:12:21 PASS build
grading 00:12:21 grading: xcuitest
grading 00:12:21 $ /usr/bin/xcodebuild -project SearchFixture.xcodeproj -scheme SearchFixture -destination platform=iOS Simulator,id=81ACC865-D1AC-4656-BF97-4…
grading 00:12:56 exit 65 · /usr/bin/xcodebuild -project SearchFixture.xcodeproj -scheme SearchFixture -destination platform=iOS Simulato…
grading 00:12:56 $ /usr/bin/xcrun xcresulttool get test-results summary --path /Users/afterxleep/Developer/applebench-harness/.applebench/runs/2026-09-03T2211…
grading 00:12:56 ok · /usr/bin/xcrun xcresulttool get test-results summary --path /Users/afterxleep/Developer/applebench-harness/.a…
grading 00:12:56 FAIL xcuitest
grading 00:12:56 grading: mutation
grading 00:12:56 $ /usr/bin/xcodebuild -project SearchFixture.xcodeproj -scheme SearchFixture -destination platform=iOS Simulator,id=81ACC865-D1AC-4656-BF97-4…
grading 00:14:03 exit 65 · /usr/bin/xcodebuild -project SearchFixture.xcodeproj -scheme SearchFixture -destination platform=iOS Simulato…
grading 00:14:03 PASS mutation
grading 00:14:06 !! reaped a stray simulator
  FAIL · 2m 12s
→ interaction-003 · opencode
agent   00:14:07 agent started
agent   00:14:07 !! Agent sealed: reference solutions, task files and other runs are unreadable.
agent   00:14:07 $ /usr/bin/sandbox-exec -f /Users/afterxleep/Developer/applebench-harness/.applebench/runs/2026-09-03T221407-interaction-003-opencode/agent.s…
agent   00:14:08 exit 1 · /usr/bin/sandbox-exec -f /Users/afterxleep/Developer/applebench-harness/.applebench/runs/2026-09-03T221407-in…
harness 00:14:08 agent finished · failed
grading 00:14:27 grading: build
grading 00:14:27 $ /usr/bin/xcodebuild -project RefreshFixture.xcodeproj -scheme RefreshFixture -destination platform=iOS Simulator,id=FD72CF4F-042B-4205-8517…
grading 00:14:37 ok · /usr/bin/xcodebuild -project RefreshFixture.xcodeproj -scheme RefreshFixture -destination platform=iOS Simula…
grading 00:14:37 PASS build
grading 00:14:37 grading: xcuitest
grading 00:14:37 $ /usr/bin/xcodebuild -project RefreshFixture.xcodeproj -scheme RefreshFixture -destination platform=iOS Simulator,id=FD72CF4F-042B-4205-8517…
grading 00:16:12 exit 65 · /usr/bin/xcodebuild -project RefreshFixture.xcodeproj -scheme RefreshFixture -destination platform=iOS Simula…
grading 00:16:12 $ /usr/bin/xcrun xcresulttool get test-results summary --path /Users/afterxleep/Developer/applebench-harness/.applebench/runs/2026-09-03T2214…
grading 00:16:12 ok · /usr/bin/xcrun xcresulttool get test-results summary --path /Users/afterxleep/Developer/applebench-harness/.a…
grading 00:16:12 FAIL xcuitest
grading 00:16:12 grading: mutation
grading 00:16:12 $ /usr/bin/xcodebuild -project RefreshFixture.xcodeproj -scheme RefreshFixture -destination platform=iOS Simulator,id=FD72CF4F-042B-4205-8517…
grading 00:18:02 exit 65 · /usr/bin/xcodebuild -project RefreshFixture.xcodeproj -scheme RefreshFixture -destination platform=iOS Simula…
grading 00:18:02 PASS mutation
grading 00:18:05 !! reaped a stray simulator
  FAIL · 3m 55s
→ interaction-004 · opencode
agent   00:18:06 agent started
agent   00:18:06 !! Agent sealed: reference solutions, task files and other runs are unreadable.
agent   00:18:06 $ /usr/bin/sandbox-exec -f /Users/afterxleep/Developer/applebench-harness/.applebench/runs/2026-09-03T221806-interaction-004-opencode/agent.s…
agent   00:18:07 exit 1 · /usr/bin/sandbox-exec -f /Users/afterxleep/Developer/applebench-harness/.applebench/runs/2026-09-03T221806-in…
harness 00:18:07 agent finished · failed
grading 00:18:26 grading: build
grading 00:18:26 $ /usr/bin/xcodebuild -project FormFlowFixture.xcodeproj -scheme FormFlowFixture -destination platform=iOS Simulator,id=50C0E100-AE3A-4CF3-87…
grading 00:18:36 ok · /usr/bin/xcodebuild -project FormFlowFixture.xcodeproj -scheme FormFlowFixture -destination platform=iOS Simu…
grading 00:18:36 PASS build
grading 00:18:36 grading: xcuitest
grading 00:18:36 $ /usr/bin/xcodebuild -project FormFlowFixture.xcodeproj -scheme FormFlowFixture -destination platform=iOS Simulator,id=50C0E100-AE3A-4CF3-87…
grading 00:19:03 exit 65 · /usr/bin/xcodebuild -project FormFlowFixture.xcodeproj -scheme FormFlowFixture -destination platform=iOS Simu…
grading 00:19:03 $ /usr/bin/xcrun xcresulttool get test-results summary --path /Users/afterxleep/Developer/applebench-harness/.applebench/runs/2026-09-03T2218…
grading 00:19:03 ok · /usr/bin/xcrun xcresulttool get test-results summary --path /Users/afterxleep/Developer/applebench-harness/.a…
grading 00:19:03 FAIL xcuitest
grading 00:19:03 grading: mutation
grading 00:19:03 $ /usr/bin/xcodebuild -project FormFlowFixture.xcodeproj -scheme FormFlowFixture -destination platform=iOS Simulator,id=50C0E100-AE3A-4CF3-87…
grading 00:20:05 exit 65 · /usr/bin/xcodebuild -project FormFlowFixture.xcodeproj -scheme FormFlowFixture -destination platform=iOS Simu…
grading 00:20:05 PASS mutation
grading 00:20:08 !! reaped a stray simulator
  FAIL · 1m 59s
→ interaction-005 · opencode
agent   00:20:09 agent started
agent   00:20:09 !! Agent sealed: reference solutions, task files and other runs are unreadable.
agent   00:20:09 $ /usr/bin/sandbox-exec -f /Users/afterxleep/Developer/applebench-harness/.applebench/runs/2026-09-03T222009-interaction-005-opencode/agent.s…
agent   00:20:10 exit 1 · /usr/bin/sandbox-exec -f /Users/afterxleep/Developer/applebench-harness/.applebench/runs/2026-09-03T222009-in…
harness 00:20:10 agent finished · failed
grading 00:20:10 grading: trajectory
grading 00:20:10 FAIL trajectory
grading 00:20:10 grading: build
grading 00:20:10 $ /usr/bin/xcodebuild -project GestureFixture.xcodeproj -scheme GestureFixture -destination platform=iOS Simulator,id=B47418A1-A38D-455B-8D63…
grading 00:20:16 ok · /usr/bin/xcodebuild -project GestureFixture.xcodeproj -scheme GestureFixture -destination platform=iOS Simula…
grading 00:20:16 PASS build
grading 00:20:16 grading: file
grading 00:20:16 FAIL file
grading 00:20:17 !! reaped a stray simulator
  FAIL · 8s
→ ops-001 · opencode
agent   00:20:17 agent started
agent   00:20:17 !! Agent sealed: reference solutions, task files and other runs are unreadable.
agent   00:20:17 $ /usr/bin/sandbox-exec -f /Users/afterxleep/Developer/applebench-harness/.applebench/runs/2026-09-03T222017-ops-001-opencode/agent.sb openco…
agent   00:20:18 exit 1 · /usr/bin/sandbox-exec -f /Users/afterxleep/Developer/applebench-harness/.applebench/runs/2026-09-03T222017-op…
harness 00:20:18 agent finished · failed
grading 00:20:18 grading: trajectory
grading 00:20:18 FAIL trajectory
grading 00:20:18 grading: build
grading 00:20:18 $ /usr/bin/xcodebuild -project ConcurrencyFixture.xcodeproj -scheme ConcurrencyFixture -destination platform=iOS Simulator,id=0A43F39A-B39C-4…
grading 00:20:24 ok · /usr/bin/xcodebuild -project ConcurrencyFixture.xcodeproj -scheme ConcurrencyFixture -destination platform=iO…
grading 00:20:24 PASS build
grading 00:20:24 grading: file
grading 00:20:24 FAIL file
grading 00:20:24 !! reaped a stray simulator
  FAIL · 7s
→ ops-002 · opencode
agent   00:20:25 agent started
agent   00:20:25 !! Agent sealed: reference solutions, task files and other runs are unreadable.
agent   00:20:25 $ /usr/bin/sandbox-exec -f /Users/afterxleep/Developer/applebench-harness/.applebench/runs/2026-09-03T222025-ops-002-opencode/agent.sb openco…
agent   00:20:25 exit 1 · /usr/bin/sandbox-exec -f /Users/afterxleep/Developer/applebench-harness/.applebench/runs/2026-09-03T222025-op…
harness 00:20:25 agent finished · failed
grading 00:20:25 grading: trajectory
grading 00:20:25 FAIL trajectory
grading 00:20:25 grading: file
grading 00:20:25 FAIL file
  FAIL · 1s
→ ops-003 · opencode
agent   00:20:25 agent started
agent   00:20:25 !! Agent sealed: reference solutions, task files and other runs are unreadable.
agent   00:20:25 $ /usr/bin/sandbox-exec -f /Users/afterxleep/Developer/applebench-harness/.applebench/runs/2026-09-03T222025-ops-003-opencode/agent.sb openco…
agent   00:20:26 exit 1 · /usr/bin/sandbox-exec -f /Users/afterxleep/Developer/applebench-harness/.applebench/runs/2026-09-03T222025-op…
harness 00:20:26 agent finished · failed
grading 00:20:45 grading: trajectory
grading 00:20:45 PASS trajectory
grading 00:20:45 grading: build
grading 00:20:45 $ /usr/bin/xcodebuild -project NavigationFixture.xcodeproj -scheme NavigationFixture -destination platform=iOS Simulator,id=1185B58C-73AB-414…
grading 00:20:55 ok · /usr/bin/xcodebuild -project NavigationFixture.xcodeproj -scheme NavigationFixture -destination platform=iOS …
grading 00:20:55 PASS build
grading 00:20:55 grading: runtime
grading 00:20:55 $ /usr/bin/xcodebuild -project NavigationFixture.xcodeproj -scheme NavigationFixture -destination platform=iOS Simulator,id=1185B58C-73AB-414…
grading 00:20:57 ok · /usr/bin/xcodebuild -project NavigationFixture.xcodeproj -scheme NavigationFixture -destination platform=iOS …
grading 00:21:07 PASS runtime
grading 00:21:07 grading: file
grading 00:21:07 FAIL file
grading 00:21:10 !! reaped a stray simulator
  FAIL · 42s
→ ops-005 · opencode
agent   00:21:11 agent started
agent   00:21:11 !! Agent sealed: reference solutions, task files and other runs are unreadable.
agent   00:21:11 $ /usr/bin/sandbox-exec -f /Users/afterxleep/Developer/applebench-harness/.applebench/runs/2026-09-03T222111-ops-005-opencode/agent.sb openco…
agent   00:21:12 exit 1 · /usr/bin/sandbox-exec -f /Users/afterxleep/Developer/applebench-harness/.applebench/runs/2026-09-03T222111-op…
harness 00:21:12 agent finished · failed
grading 00:21:29 grading: trajectory
grading 00:21:29 FAIL trajectory
grading 00:21:29 grading: build
grading 00:21:29 $ /usr/bin/xcodebuild -project DecodingFixture.xcodeproj -scheme DecodingFixture -destination platform=iOS Simulator,id=17A2CEF9-0B9F-4840-BA…
grading 00:21:39 ok · /usr/bin/xcodebuild -project DecodingFixture.xcodeproj -scheme DecodingFixture -destination platform=iOS Simu…
grading 00:21:39 PASS build
grading 00:21:39 grading: runtime
grading 00:21:39 $ /usr/bin/xcodebuild -project DecodingFixture.xcodeproj -scheme DecodingFixture -destination platform=iOS Simulator,id=17A2CEF9-0B9F-4840-BA…
grading 00:21:40 ok · /usr/bin/xcodebuild -project DecodingFixture.xcodeproj -scheme DecodingFixture -destination platform=iOS Simu…
grading 00:21:47 PASS runtime
grading 00:21:47 grading: file
grading 00:21:47 FAIL file
grading 00:21:50 !! reaped a stray simulator
  FAIL · 36s
→ ops-006 · opencode
agent   00:21:51 agent started
agent   00:21:51 !! Agent sealed: reference solutions, task files and other runs are unreadable.
agent   00:21:51 $ /usr/bin/sandbox-exec -f /Users/afterxleep/Developer/applebench-harness/.applebench/runs/2026-09-03T222151-ops-006-opencode/agent.sb openco…
agent   00:21:51 exit 1 · /usr/bin/sandbox-exec -f /Users/afterxleep/Developer/applebench-harness/.applebench/runs/2026-09-03T222151-op…
harness 00:21:51 agent finished · failed
grading 00:21:52 grading: trajectory
grading 00:21:52 PASS trajectory
grading 00:21:52 grading: build
grading 00:21:52 $ /usr/bin/xcodebuild -project InfoPlistFixture.xcodeproj -scheme InfoPlistFixture -destination platform=iOS Simulator,id=96C65D0A-2782-495D-…
grading 00:21:58 ok · /usr/bin/xcodebuild -project InfoPlistFixture.xcodeproj -scheme InfoPlistFixture -destination platform=iOS Si…
grading 00:21:58 PASS build
grading 00:21:58 grading: file
grading 00:21:58 FAIL file
grading 00:21:58 !! reaped a stray simulator
  FAIL · 7s
→ ops-007 · opencode
agent   00:21:58 agent started
agent   00:21:58 !! Agent sealed: reference solutions, task files and other runs are unreadable.
agent   00:21:58 $ /usr/bin/sandbox-exec -f /Users/afterxleep/Developer/applebench-harness/.applebench/runs/2026-09-03T222158-ops-007-opencode/agent.sb openco…
agent   00:21:59 exit 1 · /usr/bin/sandbox-exec -f /Users/afterxleep/Developer/applebench-harness/.applebench/runs/2026-09-03T222158-op…
harness 00:21:59 agent finished · failed
grading 00:21:59 grading: trajectory
grading 00:21:59 PASS trajectory
grading 00:21:59 grading: build
grading 00:21:59 $ /usr/bin/xcodebuild -project BuildFixture.xcodeproj -scheme BuildFixture -destination platform=iOS Simulator,id=C45535C2-21AC-4CD8-A08A-6B9…
grading 00:22:05 ok · /usr/bin/xcodebuild -project BuildFixture.xcodeproj -scheme BuildFixture -destination platform=iOS Simulator,…
grading 00:22:05 PASS build
grading 00:22:05 grading: file
grading 00:22:05 FAIL file
grading 00:22:05 !! reaped a stray simulator
  FAIL · 7s
→ ops-008 · opencode
agent   00:22:06 agent started
agent   00:22:06 !! Agent sealed: reference solutions, task files and other runs are unreadable.
agent   00:22:06 $ /usr/bin/sandbox-exec -f /Users/afterxleep/Developer/applebench-harness/.applebench/runs/2026-09-03T222206-ops-008-opencode/agent.sb openco…
agent   00:22:06 exit 1 · /usr/bin/sandbox-exec -f /Users/afterxleep/Developer/applebench-harness/.applebench/runs/2026-09-03T222206-op…
harness 00:22:06 agent finished · failed
grading 00:22:07 grading: trajectory
grading 00:22:07 PASS trajectory
grading 00:22:07 grading: build
grading 00:22:07 $ /usr/bin/xcodebuild -project BuildFixture.xcodeproj -scheme BuildFixture -destination platform=iOS Simulator,id=8A1EAFE7-AB74-4D9D-A3FF-EDC…
grading 00:22:12 ok · /usr/bin/xcodebuild -project BuildFixture.xcodeproj -scheme BuildFixture -destination platform=iOS Simulator,…
grading 00:22:12 PASS build
grading 00:22:12 grading: file
grading 00:22:12 FAIL file
grading 00:22:12 !! reaped a stray simulator
  FAIL · 6s
→ ops-009 · opencode
agent   00:22:12 agent started
agent   00:22:12 !! Agent sealed: reference solutions, task files and other runs are unreadable.
agent   00:22:12 $ /usr/bin/sandbox-exec -f /Users/afterxleep/Developer/applebench-harness/.applebench/runs/2026-09-03T222212-ops-009-opencode/agent.sb openco…
agent   00:22:13 exit 1 · /usr/bin/sandbox-exec -f /Users/afterxleep/Developer/applebench-harness/.applebench/runs/2026-09-03T222212-op…
harness 00:22:13 agent finished · failed
grading 00:22:13 grading: trajectory
grading 00:22:13 FAIL trajectory
grading 00:22:13 grading: build
grading 00:22:13 $ /usr/bin/xcodebuild -project BuildFixture.xcodeproj -scheme BuildFixture -destination platform=iOS Simulator,id=DEE228C0-6385-49DE-93CC-D46…
grading 00:22:19 ok · /usr/bin/xcodebuild -project BuildFixture.xcodeproj -scheme BuildFixture -destination platform=iOS Simulator,…
grading 00:22:19 PASS build
grading 00:22:19 grading: file
grading 00:22:19 FAIL file
grading 00:22:19 !! reaped a stray simulator
  FAIL · 7s
→ ops-010 · opencode
agent   00:22:20 agent started
agent   00:22:20 !! Agent sealed: reference solutions, task files and other runs are unreadable.
agent   00:22:20 $ /usr/bin/sandbox-exec -f /Users/afterxleep/Developer/applebench-harness/.applebench/runs/2026-09-03T222219-ops-010-opencode/agent.sb openco…
agent   00:22:20 exit 1 · /usr/bin/sandbox-exec -f /Users/afterxleep/Developer/applebench-harness/.applebench/runs/2026-09-03T222219-op…
harness 00:22:20 agent finished · failed
grading 00:22:38 grading: trajectory
grading 00:22:38 PASS trajectory
grading 00:22:38 grading: build
grading 00:22:38 $ /usr/bin/xcodebuild -project NavigationFixture.xcodeproj -scheme NavigationFixture -destination platform=iOS Simulator,id=01B796C4-A7F7-41A…
grading 00:22:47 ok · /usr/bin/xcodebuild -project NavigationFixture.xcodeproj -scheme NavigationFixture -destination platform=iOS …
grading 00:22:47 PASS build
grading 00:22:47 grading: runtime
grading 00:22:47 $ /usr/bin/xcodebuild -project NavigationFixture.xcodeproj -scheme NavigationFixture -destination platform=iOS Simulator,id=01B796C4-A7F7-41A…
grading 00:22:48 ok · /usr/bin/xcodebuild -project NavigationFixture.xcodeproj -scheme NavigationFixture -destination platform=iOS …
grading 00:22:56 PASS runtime
grading 00:22:56 grading: file
grading 00:22:56 FAIL file
grading 00:23:00 !! reaped a stray simulator
  FAIL · 37s
→ ops-011 · opencode
agent   00:23:00 agent started
agent   00:23:00 !! Agent sealed: reference solutions, task files and other runs are unreadable.
agent   00:23:00 $ /usr/bin/sandbox-exec -f /Users/afterxleep/Developer/applebench-harness/.applebench/runs/2026-09-03T222300-ops-011-opencode/agent.sb openco…
agent   00:23:01 exit 1 · /usr/bin/sandbox-exec -f /Users/afterxleep/Developer/applebench-harness/.applebench/runs/2026-09-03T222300-op…
harness 00:23:01 agent finished · failed
grading 00:23:02 grading: trajectory
grading 00:23:02 PASS trajectory
grading 00:23:02 grading: build
grading 00:23:02 $ /usr/bin/xcodebuild -project BuildFixture.xcodeproj -scheme BuildFixture -destination platform=iOS Simulator,id=D15F4897-FC32-4F78-9DA4-7C7…
grading 00:23:08 ok · /usr/bin/xcodebuild -project BuildFixture.xcodeproj -scheme BuildFixture -destination platform=iOS Simulator,…
grading 00:23:08 PASS build
grading 00:23:08 grading: file
grading 00:23:08 FAIL file
grading 00:23:08 !! reaped a stray simulator
  FAIL · 7s
→ ops-012 · opencode
agent   00:23:08 agent started
agent   00:23:08 !! Agent sealed: reference solutions, task files and other runs are unreadable.
agent   00:23:08 $ /usr/bin/sandbox-exec -f /Users/afterxleep/Developer/applebench-harness/.applebench/runs/2026-09-03T222308-ops-012-opencode/agent.sb openco…
agent   00:23:09 exit 1 · /usr/bin/sandbox-exec -f /Users/afterxleep/Developer/applebench-harness/.applebench/runs/2026-09-03T222308-op…
harness 00:23:09 agent finished · failed
grading 00:23:09 grading: trajectory
grading 00:23:09 FAIL trajectory
grading 00:23:09 grading: build
grading 00:23:09 $ /usr/bin/xcodebuild -project ConcurrencyFixture.xcodeproj -scheme ConcurrencyFixture -destination platform=iOS Simulator,id=12111E26-88FB-4…
grading 00:23:15 ok · /usr/bin/xcodebuild -project ConcurrencyFixture.xcodeproj -scheme ConcurrencyFixture -destination platform=iO…
grading 00:23:15 PASS build
grading 00:23:15 grading: file
grading 00:23:15 FAIL file
grading 00:23:15 !! reaped a stray simulator
  FAIL · 7s
→ ops-013 · opencode
agent   00:23:16 agent started
agent   00:23:16 !! Agent sealed: reference solutions, task files and other runs are unreadable.
agent   00:23:16 $ /usr/bin/sandbox-exec -f /Users/afterxleep/Developer/applebench-harness/.applebench/runs/2026-09-03T222316-ops-013-opencode/agent.sb openco…
agent   00:23:16 exit 1 · /usr/bin/sandbox-exec -f /Users/afterxleep/Developer/applebench-harness/.applebench/runs/2026-09-03T222316-op…
harness 00:23:16 agent finished · failed
grading 00:23:17 grading: trajectory
grading 00:23:17 PASS trajectory
grading 00:23:17 grading: build
grading 00:23:17 $ /usr/bin/xcodebuild -project BuildFixture.xcodeproj -scheme BuildFixture -destination platform=iOS Simulator,id=3BC62BA6-8B6D-4981-922B-E29…
grading 00:23:22 ok · /usr/bin/xcodebuild -project BuildFixture.xcodeproj -scheme BuildFixture -destination platform=iOS Simulator,…
grading 00:23:22 PASS build
grading 00:23:22 grading: file
grading 00:23:22 FAIL file
grading 00:23:22 !! reaped a stray simulator
  FAIL · 7s
→ ops-014 · opencode
agent   00:23:23 agent started
agent   00:23:23 !! Agent sealed: reference solutions, task files and other runs are unreadable.
agent   00:23:23 $ /usr/bin/sandbox-exec -f /Users/afterxleep/Developer/applebench-harness/.applebench/runs/2026-09-03T222323-ops-014-opencode/agent.sb openco…
agent   00:23:23 exit 1 · /usr/bin/sandbox-exec -f /Users/afterxleep/Developer/applebench-harness/.applebench/runs/2026-09-03T222323-op…
harness 00:23:23 agent finished · failed
grading 00:23:24 grading: trajectory
grading 00:23:24 PASS trajectory
grading 00:23:24 grading: build
grading 00:23:24 $ /usr/bin/xcodebuild -project NavigationFixture.xcodeproj -scheme NavigationFixture -destination platform=iOS Simulator,id=86541734-98EF-445…
grading 00:23:29 ok · /usr/bin/xcodebuild -project NavigationFixture.xcodeproj -scheme NavigationFixture -destination platform=iOS …
grading 00:23:29 PASS build
grading 00:23:29 grading: file
grading 00:23:29 FAIL file
grading 00:23:29 !! reaped a stray simulator
  FAIL · 6s
→ ops-015 · opencode
agent   00:23:29 agent started
agent   00:23:29 !! Agent sealed: reference solutions, task files and other runs are unreadable.
agent   00:23:29 $ /usr/bin/sandbox-exec -f /Users/afterxleep/Developer/applebench-harness/.applebench/runs/2026-09-03T222329-ops-015-opencode/agent.sb openco…
agent   00:23:30 exit 1 · /usr/bin/sandbox-exec -f /Users/afterxleep/Developer/applebench-harness/.applebench/runs/2026-09-03T222329-op…
harness 00:23:30 agent finished · failed
grading 00:23:30 grading: trajectory
grading 00:23:30 PASS trajectory
grading 00:23:30 grading: build
grading 00:23:30 $ /usr/bin/xcodebuild -project ScratchApp -scheme ScratchApp -destination platform=iOS Simulator,id=1DA77A52-D43A-46B8-BA9F-69A2D2CEC2AF -der…
grading 00:23:31 exit 66 · /usr/bin/xcodebuild -project ScratchApp -scheme ScratchApp -destination platform=iOS Simulator,id=1DA77A52-D4…
grading 00:23:31 FAIL build
grading 00:23:31 grading: file
grading 00:23:31 FAIL file
grading 00:23:31 !! reaped a stray simulator
  FAIL · 2s
→ ops-016 · opencode
agent   00:23:31 agent started
agent   00:23:31 !! Agent sealed: reference solutions, task files and other runs are unreadable.
agent   00:23:31 $ /usr/bin/sandbox-exec -f /Users/afterxleep/Developer/applebench-harness/.applebench/runs/2026-09-03T222331-ops-016-opencode/agent.sb openco…
agent   00:23:32 exit 1 · /usr/bin/sandbox-exec -f /Users/afterxleep/Developer/applebench-harness/.applebench/runs/2026-09-03T222331-op…
harness 00:23:32 agent finished · failed
grading 00:23:32 grading: trajectory
grading 00:23:32 PASS trajectory
grading 00:23:32 grading: build
grading 00:23:32 $ /usr/bin/xcodebuild -project ConcurrencyFixture.xcodeproj -scheme ConcurrencyFixture -configuration Release -destination platform=iOS Simul…
grading 00:23:36 ok · /usr/bin/xcodebuild -project ConcurrencyFixture.xcodeproj -scheme ConcurrencyFixture -configuration Release -…
grading 00:23:36 PASS build
grading 00:23:36 grading: file
grading 00:23:36 FAIL file
grading 00:23:36 !! reaped a stray simulator
  FAIL · 5s
→ ops-017 · opencode
agent   00:23:36 agent started
agent   00:23:36 !! Agent sealed: reference solutions, task files and other runs are unreadable.
agent   00:23:36 $ /usr/bin/sandbox-exec -f /Users/afterxleep/Developer/applebench-harness/.applebench/runs/2026-09-03T222336-ops-017-opencode/agent.sb openco…
agent   00:23:37 exit 1 · /usr/bin/sandbox-exec -f /Users/afterxleep/Developer/applebench-harness/.applebench/runs/2026-09-03T222336-op…
harness 00:23:37 agent finished · failed
grading 00:23:37 grading: trajectory
grading 00:23:37 PASS trajectory
grading 00:23:37 grading: build
grading 00:23:37 $ /usr/bin/xcodebuild -project NavigationFixture.xcodeproj -scheme NavigationFixture -destination platform=iOS Simulator,id=0F1FB295-9D9C-436…
grading 00:23:42 ok · /usr/bin/xcodebuild -project NavigationFixture.xcodeproj -scheme NavigationFixture -destination platform=iOS …
grading 00:23:42 PASS build
grading 00:23:42 grading: file
grading 00:23:42 FAIL file
grading 00:23:42 !! reaped a stray simulator
  FAIL · 6s
→ ops-018 · opencode
agent   00:23:43 agent started
agent   00:23:43 !! Agent sealed: reference solutions, task files and other runs are unreadable.
agent   00:23:43 $ /usr/bin/sandbox-exec -f /Users/afterxleep/Developer/applebench-harness/.applebench/runs/2026-09-03T222343-ops-018-opencode/agent.sb openco…
agent   00:23:43 exit 1 · /usr/bin/sandbox-exec -f /Users/afterxleep/Developer/applebench-harness/.applebench/runs/2026-09-03T222343-op…
harness 00:23:44 agent finished · failed
grading 00:23:44 grading: trajectory
grading 00:23:44 PASS trajectory
grading 00:23:44 grading: build
grading 00:23:44 $ /usr/bin/xcodebuild -project BuildFixture.xcodeproj -scheme BuildFixture -destination platform=iOS Simulator,id=72A163AC-EC21-421A-89E0-2F7…
grading 00:23:49 ok · /usr/bin/xcodebuild -project BuildFixture.xcodeproj -scheme BuildFixture -destination platform=iOS Simulator,…
grading 00:23:49 PASS build
grading 00:23:49 grading: file
grading 00:23:49 FAIL file
grading 00:23:49 !! reaped a stray simulator
  FAIL · 6s
→ ops-019 · opencode
agent   00:23:49 agent started
agent   00:23:49 !! Agent sealed: reference solutions, task files and other runs are unreadable.
agent   00:23:49 $ /usr/bin/sandbox-exec -f /Users/afterxleep/Developer/applebench-harness/.applebench/runs/2026-09-03T222349-ops-019-opencode/agent.sb openco…
agent   00:23:50 exit 1 · /usr/bin/sandbox-exec -f /Users/afterxleep/Developer/applebench-harness/.applebench/runs/2026-09-03T222349-op…
harness 00:23:50 agent finished · failed
grading 00:23:50 grading: trajectory
grading 00:23:50 PASS trajectory
grading 00:23:50 grading: build
grading 00:23:50 $ /usr/bin/xcodebuild -project BuildFixture.xcodeproj -scheme BuildFixture -destination platform=iOS Simulator,id=14C0712C-BAD2-4733-AFC9-46A…
grading 00:23:55 ok · /usr/bin/xcodebuild -project BuildFixture.xcodeproj -scheme BuildFixture -destination platform=iOS Simulator,…
grading 00:23:55 PASS build
grading 00:23:55 grading: file
grading 00:23:55 FAIL file
grading 00:23:55 !! reaped a stray simulator
  FAIL · 6s
→ ops-020 · opencode
agent   00:23:56 agent started
agent   00:23:56 !! Agent sealed: reference solutions, task files and other runs are unreadable.
agent   00:23:56 $ /usr/bin/sandbox-exec -f /Users/afterxleep/Developer/applebench-harness/.applebench/runs/2026-09-03T222356-ops-020-opencode/agent.sb openco…
agent   00:23:56 exit 1 · /usr/bin/sandbox-exec -f /Users/afterxleep/Developer/applebench-harness/.applebench/runs/2026-09-03T222356-op…
harness 00:23:56 agent finished · failed
grading 00:23:57 grading: trajectory
grading 00:23:57 PASS trajectory
grading 00:23:57 grading: build
grading 00:23:57 $ /usr/bin/xcodebuild -project BuildFixture.xcodeproj -scheme BuildFixture -destination platform=iOS Simulator,id=0B93E66C-46EF-4337-95E7-752…
grading 00:24:02 ok · /usr/bin/xcodebuild -project BuildFixture.xcodeproj -scheme BuildFixture -destination platform=iOS Simulator,…
grading 00:24:02 PASS build
grading 00:24:02 grading: file
grading 00:24:02 FAIL file
grading 00:24:02 !! reaped a stray simulator
  FAIL · 6s
→ ops-021 · opencode
agent   00:24:02 agent started
agent   00:24:02 !! Agent sealed: reference solutions, task files and other runs are unreadable.
agent   00:24:02 $ /usr/bin/sandbox-exec -f /Users/afterxleep/Developer/applebench-harness/.applebench/runs/2026-09-03T222402-ops-021-opencode/agent.sb openco…
agent   00:24:03 exit 1 · /usr/bin/sandbox-exec -f /Users/afterxleep/Developer/applebench-harness/.applebench/runs/2026-09-03T222402-op…
harness 00:24:03 agent finished · failed
grading 00:24:03 grading: trajectory
grading 00:24:03 PASS trajectory
grading 00:24:03 grading: build
grading 00:24:03 $ /usr/bin/xcodebuild -project BuildFixture.xcodeproj -scheme BuildFixture -destination platform=iOS Simulator,id=E1AB2A77-AFD4-40B4-8A60-824…
grading 00:24:08 ok · /usr/bin/xcodebuild -project BuildFixture.xcodeproj -scheme BuildFixture -destination platform=iOS Simulator,…
grading 00:24:08 PASS build
grading 00:24:08 grading: file
grading 00:24:08 FAIL file
grading 00:24:08 !! reaped a stray simulator
  FAIL · 6s
→ ops-022 · opencode
agent   00:24:09 agent started
agent   00:24:09 !! Agent sealed: reference solutions, task files and other runs are unreadable.
agent   00:24:09 $ /usr/bin/sandbox-exec -f /Users/afterxleep/Developer/applebench-harness/.applebench/runs/2026-09-03T222409-ops-022-opencode/agent.sb openco…
agent   00:24:09 exit 1 · /usr/bin/sandbox-exec -f /Users/afterxleep/Developer/applebench-harness/.applebench/runs/2026-09-03T222409-op…
harness 00:24:09 agent finished · failed
grading 00:24:10 grading: trajectory
grading 00:24:10 PASS trajectory
grading 00:24:10 grading: build
grading 00:24:10 $ /usr/bin/xcodebuild -project BuildFixture.xcodeproj -scheme BuildFixture -destination platform=iOS Simulator,id=30C238C9-520E-4B97-BB91-672…
grading 00:24:15 ok · /usr/bin/xcodebuild -project BuildFixture.xcodeproj -scheme BuildFixture -destination platform=iOS Simulator,…
grading 00:24:15 PASS build
grading 00:24:15 grading: file
grading 00:24:15 FAIL file
grading 00:24:15 !! reaped a stray simulator
  FAIL · 6s
→ ops-023 · opencode
agent   00:24:15 agent started
agent   00:24:15 !! Agent sealed: reference solutions, task files and other runs are unreadable.
agent   00:24:15 $ /usr/bin/sandbox-exec -f /Users/afterxleep/Developer/applebench-harness/.applebench/runs/2026-09-03T222415-ops-023-opencode/agent.sb openco…
agent   00:24:16 exit 1 · /usr/bin/sandbox-exec -f /Users/afterxleep/Developer/applebench-harness/.applebench/runs/2026-09-03T222415-op…
harness 00:24:16 agent finished · failed
grading 00:24:16 grading: trajectory
grading 00:24:16 PASS trajectory
grading 00:24:16 grading: build
grading 00:24:16 $ /usr/bin/xcodebuild -project BuildFixture.xcodeproj -scheme BuildFixture -destination platform=iOS Simulator,id=F2EDD97D-60BC-4030-B396-07E…
grading 00:24:21 ok · /usr/bin/xcodebuild -project BuildFixture.xcodeproj -scheme BuildFixture -destination platform=iOS Simulator,…
grading 00:24:21 PASS build
grading 00:24:21 grading: file
grading 00:24:21 FAIL file
grading 00:24:22 !! reaped a stray simulator
  FAIL · 6s
→ ops-024 · opencode
agent   00:24:22 agent started
agent   00:24:22 !! Agent sealed: reference solutions, task files and other runs are unreadable.
agent   00:24:22 $ /usr/bin/sandbox-exec -f /Users/afterxleep/Developer/applebench-harness/.applebench/runs/2026-09-03T222422-ops-024-opencode/agent.sb openco…
agent   00:24:22 exit 1 · /usr/bin/sandbox-exec -f /Users/afterxleep/Developer/applebench-harness/.applebench/runs/2026-09-03T222422-op…
harness 00:24:23 agent finished · failed
grading 00:24:23 grading: trajectory
grading 00:24:23 PASS trajectory
grading 00:24:23 grading: build
grading 00:24:23 $ /usr/bin/xcodebuild -project BuildFixture.xcodeproj -scheme BuildFixture -destination platform=iOS Simulator,id=0D3ED1F0-B676-4DF5-A951-CE9…
grading 00:24:28 ok · /usr/bin/xcodebuild -project BuildFixture.xcodeproj -scheme BuildFixture -destination platform=iOS Simulator,…
grading 00:24:28 PASS build
grading 00:24:28 grading: file
grading 00:24:28 FAIL file
grading 00:24:28 !! reaped a stray simulator
  FAIL · 6s
→ ops-025 · opencode
agent   00:24:28 agent started
agent   00:24:28 !! Agent sealed: reference solutions, task files and other runs are unreadable.
agent   00:24:28 $ /usr/bin/sandbox-exec -f /Users/afterxleep/Developer/applebench-harness/.applebench/runs/2026-09-03T222428-ops-025-opencode/agent.sb openco…
agent   00:24:29 exit 1 · /usr/bin/sandbox-exec -f /Users/afterxleep/Developer/applebench-harness/.applebench/runs/2026-09-03T222428-op…
harness 00:24:29 agent finished · failed
grading 00:24:29 grading: trajectory
grading 00:24:29 PASS trajectory
grading 00:24:29 grading: build
grading 00:24:29 $ /usr/bin/xcodebuild -project NavigationFixture.xcodeproj -scheme NavigationFixture -destination platform=iOS Simulator,id=CE78D6B8-9F57-476…
grading 00:24:34 ok · /usr/bin/xcodebuild -project NavigationFixture.xcodeproj -scheme NavigationFixture -destination platform=iOS …
grading 00:24:34 PASS build
grading 00:24:34 grading: file
grading 00:24:34 FAIL file
grading 00:24:35 !! reaped a stray simulator
  FAIL · 6s
→ ops-026 · opencode
agent   00:24:35 agent started
agent   00:24:35 !! Agent sealed: reference solutions, task files and other runs are unreadable.
agent   00:24:35 $ /usr/bin/sandbox-exec -f /Users/afterxleep/Developer/applebench-harness/.applebench/runs/2026-09-03T222435-ops-026-opencode/agent.sb openco…
agent   00:24:35 exit 1 · /usr/bin/sandbox-exec -f /Users/afterxleep/Developer/applebench-harness/.applebench/runs/2026-09-03T222435-op…
harness 00:24:36 agent finished · failed
grading 00:24:36 grading: trajectory
grading 00:24:36 PASS trajectory
grading 00:24:36 grading: build
grading 00:24:36 $ /usr/bin/xcodebuild -project BuildFixture.xcodeproj -scheme BuildFixture -destination platform=iOS Simulator,id=0CA128EA-A573-4158-B3F6-254…
grading 00:24:41 ok · /usr/bin/xcodebuild -project BuildFixture.xcodeproj -scheme BuildFixture -destination platform=iOS Simulator,…
grading 00:24:41 PASS build
grading 00:24:41 grading: file
grading 00:24:41 FAIL file
grading 00:24:41 !! reaped a stray simulator
  FAIL · 6s
→ ops-027 · opencode
agent   00:24:42 agent started
agent   00:24:42 !! Agent sealed: reference solutions, task files and other runs are unreadable.
agent   00:24:42 $ /usr/bin/sandbox-exec -f /Users/afterxleep/Developer/applebench-harness/.applebench/runs/2026-09-03T222441-ops-027-opencode/agent.sb openco…
agent   00:24:42 exit 1 · /usr/bin/sandbox-exec -f /Users/afterxleep/Developer/applebench-harness/.applebench/runs/2026-09-03T222441-op…
harness 00:24:42 agent finished · failed
grading 00:24:42 grading: trajectory
grading 00:24:42 FAIL trajectory
grading 00:24:42 grading: file
grading 00:24:42 FAIL file
  FAIL · 1s
→ ops-028 · opencode
agent   00:24:42 agent started
agent   00:24:42 !! Agent sealed: reference solutions, task files and other runs are unreadable.
agent   00:24:42 $ /usr/bin/sandbox-exec -f /Users/afterxleep/Developer/applebench-harness/.applebench/runs/2026-09-03T222442-ops-028-opencode/agent.sb openco…
agent   00:24:43 exit 1 · /usr/bin/sandbox-exec -f /Users/afterxleep/Developer/applebench-harness/.applebench/runs/2026-09-03T222442-op…
harness 00:24:43 agent finished · failed
grading 00:24:43 grading: trajectory
grading 00:24:43 FAIL trajectory
grading 00:24:43 grading: build
grading 00:24:43 $ /usr/bin/xcodebuild -project XCConfigFixture.xcodeproj -scheme XCConfigFixture -destination platform=iOS Simulator,id=D172A408-EBDA-4AE2-B5…
grading 00:24:48 ok · /usr/bin/xcodebuild -project XCConfigFixture.xcodeproj -scheme XCConfigFixture -destination platform=iOS Simu…
grading 00:24:48 PASS build
grading 00:24:48 grading: xcodeproj
grading 00:24:48 $ /usr/bin/xcodebuild -project XCConfigFixture.xcodeproj -scheme XCConfigFixture -configuration Release -destination platform=iOS Simulator,i…
grading 00:24:49 ok · /usr/bin/xcodebuild -project XCConfigFixture.xcodeproj -scheme XCConfigFixture -configuration Release -destin…
grading 00:24:49 FAIL xcodeproj
grading 00:24:49 grading: file
grading 00:24:49 FAIL file
grading 00:24:49 !! reaped a stray simulator
  FAIL · 7s
→ ops-029 · opencode
agent   00:24:50 agent started
agent   00:24:50 !! Agent sealed: reference solutions, task files and other runs are unreadable.
agent   00:24:50 $ /usr/bin/sandbox-exec -f /Users/afterxleep/Developer/applebench-harness/.applebench/runs/2026-09-03T222450-ops-029-opencode/agent.sb openco…
agent   00:24:50 exit 1 · /usr/bin/sandbox-exec -f /Users/afterxleep/Developer/applebench-harness/.applebench/runs/2026-09-03T222450-op…
harness 00:24:50 agent finished · failed
grading 00:24:51 grading: trajectory
grading 00:24:51 FAIL trajectory
grading 00:24:51 grading: file
grading 00:24:51 FAIL file
  FAIL · 1s
→ project-002 · opencode
agent   00:24:51 agent started
agent   00:24:51 !! Agent sealed: reference solutions, task files and other runs are unreadable.
agent   00:24:51 $ /usr/bin/sandbox-exec -f /Users/afterxleep/Developer/applebench-harness/.applebench/runs/2026-09-03T222451-project-002-opencode/agent.sb op…
agent   00:24:51 exit 1 · /usr/bin/sandbox-exec -f /Users/afterxleep/Developer/applebench-harness/.applebench/runs/2026-09-03T222451-pr…
harness 00:24:51 agent finished · failed
grading 00:24:52 grading: build
grading 00:24:52 $ /usr/bin/xcodebuild -project InfoPlistFixture.xcodeproj -scheme InfoPlistFixture -destination platform=iOS Simulator,id=C93F73DB-93F4-41D7-…
grading 00:24:56 ok · /usr/bin/xcodebuild -project InfoPlistFixture.xcodeproj -scheme InfoPlistFixture -destination platform=iOS Si…
grading 00:24:56 PASS build
grading 00:24:56 grading: xcodeproj
grading 00:24:56 $ /usr/bin/xcodebuild -project InfoPlistFixture.xcodeproj -scheme InfoPlistFixture -destination platform=iOS Simulator,id=C93F73DB-93F4-41D7-…
grading 00:24:57 ok · /usr/bin/xcodebuild -project InfoPlistFixture.xcodeproj -scheme InfoPlistFixture -destination platform=iOS Si…
grading 00:24:57 $ /usr/bin/xcodebuild -project InfoPlistFixture.xcodeproj -scheme InfoPlistFixture -destination platform=iOS Simulator,id=C93F73DB-93F4-41D7-…
grading 00:24:58 ok · /usr/bin/xcodebuild -project InfoPlistFixture.xcodeproj -scheme InfoPlistFixture -destination platform=iOS Si…
grading 00:24:58 FAIL xcodeproj
grading 00:24:59 !! reaped a stray simulator
  FAIL · 8s
→ project-004 · opencode
agent   00:24:59 agent started
agent   00:24:59 !! Agent sealed: reference solutions, task files and other runs are unreadable.
agent   00:24:59 $ /usr/bin/sandbox-exec -f /Users/afterxleep/Developer/applebench-harness/.applebench/runs/2026-09-03T222459-project-004-opencode/agent.sb op…
agent   00:24:59 exit 1 · /usr/bin/sandbox-exec -f /Users/afterxleep/Developer/applebench-harness/.applebench/runs/2026-09-03T222459-pr…
harness 00:25:00 agent finished · failed
grading 00:25:16 grading: build
grading 00:25:16 $ /usr/bin/xcodebuild -project SchemeFixture.xcodeproj -scheme SchemeFixture -destination platform=iOS Simulator,id=B2B390D4-658D-4E75-9D0A-4…
grading 00:25:25 ok · /usr/bin/xcodebuild -project SchemeFixture.xcodeproj -scheme SchemeFixture -destination platform=iOS Simulato…
grading 00:25:25 PASS build
grading 00:25:25 grading: xctest
grading 00:25:25 $ /usr/bin/xcodebuild -project SchemeFixture.xcodeproj -scheme SchemeFixture -destination platform=iOS Simulator,id=B2B390D4-658D-4E75-9D0A-4…
grading 00:25:25 exit 66 · /usr/bin/xcodebuild -project SchemeFixture.xcodeproj -scheme SchemeFixture -destination platform=iOS Simulato…
grading 00:25:25 $ /usr/bin/xcrun xcresulttool get test-results summary --path /Users/afterxleep/Developer/applebench-harness/.applebench/runs/2026-09-03T2224…
grading 00:25:26 ok · /usr/bin/xcrun xcresulttool get test-results summary --path /Users/afterxleep/Developer/applebench-harness/.a…
grading 00:25:26 FAIL xctest
grading 00:25:26 grading: mutation
grading 00:25:26 $ /usr/bin/xcodebuild -project SchemeFixture.xcodeproj -scheme SchemeFixture -destination platform=iOS Simulator,id=B2B390D4-658D-4E75-9D0A-4…
grading 00:25:26 exit 66 · /usr/bin/xcodebuild -project SchemeFixture.xcodeproj -scheme SchemeFixture -destination platform=iOS Simulato…
grading 00:25:26 PASS mutation
grading 00:25:30 !! reaped a stray simulator
  FAIL · 28s
→ project-005 · opencode
agent   00:25:30 agent started
agent   00:25:30 !! Agent sealed: reference solutions, task files and other runs are unreadable.
agent   00:25:30 $ /usr/bin/sandbox-exec -f /Users/afterxleep/Developer/applebench-harness/.applebench/runs/2026-09-03T222530-project-005-opencode/agent.sb op…
agent   00:25:31 exit 1 · /usr/bin/sandbox-exec -f /Users/afterxleep/Developer/applebench-harness/.applebench/runs/2026-09-03T222530-pr…
harness 00:25:31 agent finished · failed
grading 00:25:31 grading: file
grading 00:25:31 PASS file
grading 00:25:31 grading: build
grading 00:25:31 $ /usr/bin/xcodebuild -project PackageIntegrationFixture.xcodeproj -scheme PackageIntegrationFixture -destination platform=iOS Simulator,id=A…
grading 00:25:34 exit 65 · /usr/bin/xcodebuild -project PackageIntegrationFixture.xcodeproj -scheme PackageIntegrationFixture -destinati…
grading 00:25:34 FAIL build
grading 00:25:35 !! reaped a stray simulator
  FAIL · 4s
→ project-006 · opencode
agent   00:25:35 agent started
agent   00:25:35 !! Agent sealed: reference solutions, task files and other runs are unreadable.
agent   00:25:35 $ /usr/bin/sandbox-exec -f /Users/afterxleep/Developer/applebench-harness/.applebench/runs/2026-09-03T222535-project-006-opencode/agent.sb op…
agent   00:25:35 exit 1 · /usr/bin/sandbox-exec -f /Users/afterxleep/Developer/applebench-harness/.applebench/runs/2026-09-03T222535-pr…
harness 00:25:36 agent finished · failed
grading 00:25:53 grading: build
grading 00:25:53 $ /usr/bin/xcodebuild -project MultiTargetFixture.xcodeproj -scheme MultiTargetFixture -destination platform=iOS Simulator,id=CDACD9E5-7EBF-4…
grading 00:25:58 exit 65 · /usr/bin/xcodebuild -project MultiTargetFixture.xcodeproj -scheme MultiTargetFixture -destination platform=iO…
grading 00:25:58 FAIL build
grading 00:25:58 grading: xctest
grading 00:25:58 $ /usr/bin/xcodebuild -project MultiTargetFixture.xcodeproj -scheme MultiTargetFixture -destination platform=iOS Simulator,id=CDACD9E5-7EBF-4…
grading 00:26:01 exit 65 · /usr/bin/xcodebuild -project MultiTargetFixture.xcodeproj -scheme MultiTargetFixture -destination platform=iO…
grading 00:26:01 $ /usr/bin/xcrun xcresulttool get test-results summary --path /Users/afterxleep/Developer/applebench-harness/.applebench/runs/2026-09-03T2225…
grading 00:26:01 ok · /usr/bin/xcrun xcresulttool get test-results summary --path /Users/afterxleep/Developer/applebench-harness/.a…
grading 00:26:01 FAIL xctest
grading 00:26:01 grading: mutation
grading 00:26:01 $ /usr/bin/xcodebuild -project MultiTargetFixture.xcodeproj -scheme MultiTargetFixture -destination platform=iOS Simulator,id=CDACD9E5-7EBF-4…
grading 00:26:03 exit 65 · /usr/bin/xcodebuild -project MultiTargetFixture.xcodeproj -scheme MultiTargetFixture -destination platform=iO…
grading 00:26:03 PASS mutation
grading 00:26:06 !! reaped a stray simulator
  FAIL · 28s
→ runtime-001 · opencode
agent   00:26:07 agent started
agent   00:26:07 !! Agent sealed: reference solutions, task files and other runs are unreadable.
agent   00:26:07 $ /usr/bin/sandbox-exec -f /Users/afterxleep/Developer/applebench-harness/.applebench/runs/2026-09-03T222607-runtime-001-opencode/agent.sb op…
agent   00:26:07 exit 1 · /usr/bin/sandbox-exec -f /Users/afterxleep/Developer/applebench-harness/.applebench/runs/2026-09-03T222607-ru…
harness 00:26:07 agent finished · failed
grading 00:26:24 grading: build
grading 00:26:24 $ /usr/bin/xcodebuild -project NavigationFixture.xcodeproj -scheme NavigationFixture -destination platform=iOS Simulator,id=59ADA9F1-C16C-496…
grading 00:26:35 ok · /usr/bin/xcodebuild -project NavigationFixture.xcodeproj -scheme NavigationFixture -destination platform=iOS …
grading 00:26:35 PASS build
grading 00:26:35 grading: xcuitest
grading 00:26:35 $ /usr/bin/xcodebuild -project NavigationFixture.xcodeproj -scheme NavigationFixture -destination platform=iOS Simulator,id=59ADA9F1-C16C-496…
grading 00:26:59 exit 65 · /usr/bin/xcodebuild -project NavigationFixture.xcodeproj -scheme NavigationFixture -destination platform=iOS …
grading 00:26:59 $ /usr/bin/xcrun xcresulttool get test-results summary --path /Users/afterxleep/Developer/applebench-harness/.applebench/runs/2026-09-03T2226…
grading 00:26:59 ok · /usr/bin/xcrun xcresulttool get test-results summary --path /Users/afterxleep/Developer/applebench-harness/.a…
grading 00:26:59 FAIL xcuitest
grading 00:26:59 grading: runtime
grading 00:26:59 $ /usr/bin/xcodebuild -project NavigationFixture.xcodeproj -scheme NavigationFixture -destination platform=iOS Simulator,id=59ADA9F1-C16C-496…
grading 00:27:00 ok · /usr/bin/xcodebuild -project NavigationFixture.xcodeproj -scheme NavigationFixture -destination platform=iOS …
grading 00:27:06 PASS runtime
grading 00:27:10 !! reaped a stray simulator
  FAIL · 1m 0s
→ runtime-003 · opencode
agent   00:27:10 agent started
agent   00:27:10 !! Agent sealed: reference solutions, task files and other runs are unreadable.
agent   00:27:10 $ /usr/bin/sandbox-exec -f /Users/afterxleep/Developer/applebench-harness/.applebench/runs/2026-09-03T222710-runtime-003-opencode/agent.sb op…
agent   00:27:11 exit 1 · /usr/bin/sandbox-exec -f /Users/afterxleep/Developer/applebench-harness/.applebench/runs/2026-09-03T222710-ru…
harness 00:27:11 agent finished · failed
grading 00:27:32 grading: build
grading 00:27:32 $ /usr/bin/xcodebuild -project MainThreadFixture.xcodeproj -scheme MainThreadFixture -destination platform=iOS Simulator,id=08125FC3-CF9E-478…
grading 00:27:42 ok · /usr/bin/xcodebuild -project MainThreadFixture.xcodeproj -scheme MainThreadFixture -destination platform=iOS …
grading 00:27:42 PASS build
grading 00:27:42 grading: xcuitest
grading 00:27:42 $ /usr/bin/xcodebuild -project MainThreadFixture.xcodeproj -scheme MainThreadFixture -destination platform=iOS Simulator,id=08125FC3-CF9E-478…
grading 00:28:10 exit 65 · /usr/bin/xcodebuild -project MainThreadFixture.xcodeproj -scheme MainThreadFixture -destination platform=iOS …
grading 00:28:10 $ /usr/bin/xcrun xcresulttool get test-results summary --path /Users/afterxleep/Developer/applebench-harness/.applebench/runs/2026-09-03T2227…
grading 00:28:10 ok · /usr/bin/xcrun xcresulttool get test-results summary --path /Users/afterxleep/Developer/applebench-harness/.a…
grading 00:28:10 FAIL xcuitest
grading 00:28:10 grading: runtime
grading 00:28:10 $ /usr/bin/xcodebuild -project MainThreadFixture.xcodeproj -scheme MainThreadFixture -destination platform=iOS Simulator,id=08125FC3-CF9E-478…
grading 00:28:11 ok · /usr/bin/xcodebuild -project MainThreadFixture.xcodeproj -scheme MainThreadFixture -destination platform=iOS …
grading 00:28:18 PASS runtime
grading 00:28:21 !! reaped a stray simulator
  FAIL · 1m 8s
→ runtime-004 · opencode
agent   00:28:22 agent started
agent   00:28:22 !! Agent sealed: reference solutions, task files and other runs are unreadable.
agent   00:28:22 $ /usr/bin/sandbox-exec -f /Users/afterxleep/Developer/applebench-harness/.applebench/runs/2026-09-03T222822-runtime-004-opencode/agent.sb op…
agent   00:28:22 exit 1 · /usr/bin/sandbox-exec -f /Users/afterxleep/Developer/applebench-harness/.applebench/runs/2026-09-03T222822-ru…
harness 00:28:23 agent finished · failed
grading 00:28:42 grading: build
grading 00:28:42 $ /usr/bin/xcodebuild -project UpdateLoopFixture.xcodeproj -scheme UpdateLoopFixture -destination platform=iOS Simulator,id=C11ED7F4-3BC9-424…
grading 00:28:51 ok · /usr/bin/xcodebuild -project UpdateLoopFixture.xcodeproj -scheme UpdateLoopFixture -destination platform=iOS …
grading 00:28:51 PASS build
grading 00:28:51 grading: xcuitest
grading 00:28:51 $ /usr/bin/xcodebuild -project UpdateLoopFixture.xcodeproj -scheme UpdateLoopFixture -destination platform=iOS Simulator,id=C11ED7F4-3BC9-424…
grading 00:29:08 exit 65 · /usr/bin/xcodebuild -project UpdateLoopFixture.xcodeproj -scheme UpdateLoopFixture -destination platform=iOS …
grading 00:29:08 $ /usr/bin/xcrun xcresulttool get test-results summary --path /Users/afterxleep/Developer/applebench-harness/.applebench/runs/2026-09-03T2228…
grading 00:29:09 ok · /usr/bin/xcrun xcresulttool get test-results summary --path /Users/afterxleep/Developer/applebench-harness/.a…
grading 00:29:09 FAIL xcuitest
grading 00:29:09 grading: runtime
grading 00:29:09 $ /usr/bin/xcodebuild -project UpdateLoopFixture.xcodeproj -scheme UpdateLoopFixture -destination platform=iOS Simulator,id=C11ED7F4-3BC9-424…
grading 00:29:10 ok · /usr/bin/xcodebuild -project UpdateLoopFixture.xcodeproj -scheme UpdateLoopFixture -destination platform=iOS …
grading 00:29:16 PASS runtime
grading 00:29:19 !! reaped a stray simulator
  FAIL · 55s
→ runtime-005 · opencode
agent   00:29:20 agent started
agent   00:29:20 !! Agent sealed: reference solutions, task files and other runs are unreadable.
agent   00:29:20 $ /usr/bin/sandbox-exec -f /Users/afterxleep/Developer/applebench-harness/.applebench/runs/2026-09-03T222920-runtime-005-opencode/agent.sb op…
agent   00:29:21 exit 1 · /usr/bin/sandbox-exec -f /Users/afterxleep/Developer/applebench-harness/.applebench/runs/2026-09-03T222920-ru…
harness 00:29:21 agent finished · failed
grading 00:29:38 grading: build
grading 00:29:38 $ /usr/bin/xcodebuild -project RelaunchFixture.xcodeproj -scheme RelaunchFixture -destination platform=iOS Simulator,id=5ED3058D-5D37-49EC-AD…
grading 00:29:47 ok · /usr/bin/xcodebuild -project RelaunchFixture.xcodeproj -scheme RelaunchFixture -destination platform=iOS Simu…
grading 00:29:47 PASS build
grading 00:29:47 grading: xcuitest
grading 00:29:47 $ /usr/bin/xcodebuild -project RelaunchFixture.xcodeproj -scheme RelaunchFixture -destination platform=iOS Simulator,id=5ED3058D-5D37-49EC-AD…
grading 00:30:38 exit 65 · /usr/bin/xcodebuild -project RelaunchFixture.xcodeproj -scheme RelaunchFixture -destination platform=iOS Simu…
grading 00:30:38 $ /usr/bin/xcrun xcresulttool get test-results summary --path /Users/afterxleep/Developer/applebench-harness/.applebench/runs/2026-09-03T2229…
grading 00:30:38 ok · /usr/bin/xcrun xcresulttool get test-results summary --path /Users/afterxleep/Developer/applebench-harness/.a…
grading 00:30:38 FAIL xcuitest
grading 00:30:38 grading: runtime
grading 00:30:38 $ /usr/bin/xcodebuild -project RelaunchFixture.xcodeproj -scheme RelaunchFixture -destination platform=iOS Simulator,id=5ED3058D-5D37-49EC-AD…
grading 00:30:39 ok · /usr/bin/xcodebuild -project RelaunchFixture.xcodeproj -scheme RelaunchFixture -destination platform=iOS Simu…
grading 00:30:46 FAIL runtime
grading 00:30:49 !! reaped a stray simulator
  FAIL · 1m 26s
→ swiftdata-001 · opencode
agent   00:30:50 agent started
agent   00:30:50 !! Agent sealed: reference solutions, task files and other runs are unreadable.
agent   00:30:50 $ /usr/bin/sandbox-exec -f /Users/afterxleep/Developer/applebench-harness/.applebench/runs/2026-09-03T223050-swiftdata-001-opencode/agent.sb …
agent   00:30:50 exit 1 · /usr/bin/sandbox-exec -f /Users/afterxleep/Developer/applebench-harness/.applebench/runs/2026-09-03T223050-sw…
harness 00:30:51 agent finished · failed
grading 00:30:51 grading: build
grading 00:30:51 $ /usr/bin/xcodebuild -project SwiftDataNotesFixture.xcodeproj -scheme SwiftDataNotesFixture -destination platform=iOS Simulator,id=C2DEC743-…
grading 00:30:57 ok · /usr/bin/xcodebuild -project SwiftDataNotesFixture.xcodeproj -scheme SwiftDataNotesFixture -destination platf…
grading 00:30:57 PASS build
grading 00:30:57 grading: xctest
grading 00:30:57 $ /usr/bin/xcodebuild -project SwiftDataNotesFixture.xcodeproj -scheme SwiftDataNotesFixture -destination platform=iOS Simulator,id=C2DEC743-…
grading 00:31:07 exit 65 · /usr/bin/xcodebuild -project SwiftDataNotesFixture.xcodeproj -scheme SwiftDataNotesFixture -destination platf…
grading 00:31:07 $ /usr/bin/xcrun xcresulttool get test-results summary --path /Users/afterxleep/Developer/applebench-harness/.applebench/runs/2026-09-03T2230…
grading 00:31:07 ok · /usr/bin/xcrun xcresulttool get test-results summary --path /Users/afterxleep/Developer/applebench-harness/.a…
grading 00:31:07 FAIL xctest
grading 00:31:07 !! reaped a stray simulator
  FAIL · 17s
→ swiftdata-002 · opencode
agent   00:31:08 agent started
agent   00:31:08 !! Agent sealed: reference solutions, task files and other runs are unreadable.
agent   00:31:08 $ /usr/bin/sandbox-exec -f /Users/afterxleep/Developer/applebench-harness/.applebench/runs/2026-09-03T223108-swiftdata-002-opencode/agent.sb …
agent   00:31:08 exit 1 · /usr/bin/sandbox-exec -f /Users/afterxleep/Developer/applebench-harness/.applebench/runs/2026-09-03T223108-sw…
harness 00:31:08 agent finished · failed
grading 00:31:09 grading: build
grading 00:31:09 $ /usr/bin/xcodebuild -project SwiftDataContainerFixture.xcodeproj -scheme SwiftDataContainerFixture -destination platform=iOS Simulator,id=3…
grading 00:31:14 ok · /usr/bin/xcodebuild -project SwiftDataContainerFixture.xcodeproj -scheme SwiftDataContainerFixture -destinati…
grading 00:31:14 PASS build
grading 00:31:14 grading: xctest
grading 00:31:14 $ /usr/bin/xcodebuild -project SwiftDataContainerFixture.xcodeproj -scheme SwiftDataContainerFixture -destination platform=iOS Simulator,id=3…
grading 00:31:24 exit 65 · /usr/bin/xcodebuild -project SwiftDataContainerFixture.xcodeproj -scheme SwiftDataContainerFixture -destinati…
grading 00:31:24 $ /usr/bin/xcrun xcresulttool get test-results summary --path /Users/afterxleep/Developer/applebench-harness/.applebench/runs/2026-09-03T2231…
grading 00:31:24 ok · /usr/bin/xcrun xcresulttool get test-results summary --path /Users/afterxleep/Developer/applebench-harness/.a…
grading 00:31:24 FAIL xctest
grading 00:31:24 !! reaped a stray simulator
  FAIL · 16s
→ tests-001 · opencode
agent   00:31:25 agent started
agent   00:31:25 !! Agent sealed: reference solutions, task files and other runs are unreadable.
agent   00:31:25 $ /usr/bin/sandbox-exec -f /Users/afterxleep/Developer/applebench-harness/.applebench/runs/2026-09-03T223125-tests-001-opencode/agent.sb open…
agent   00:31:25 exit 1 · /usr/bin/sandbox-exec -f /Users/afterxleep/Developer/applebench-harness/.applebench/runs/2026-09-03T223125-te…
harness 00:31:26 agent finished · failed
grading 00:31:26 grading: build
grading 00:31:26 $ /usr/bin/xcodebuild -project CounterFixture.xcodeproj -scheme CounterFixture -destination platform=iOS Simulator,id=D81494CF-A98D-47A1-B72B…
grading 00:31:31 ok · /usr/bin/xcodebuild -project CounterFixture.xcodeproj -scheme CounterFixture -destination platform=iOS Simula…
grading 00:31:31 PASS build
grading 00:31:31 grading: xctest
grading 00:31:31 $ /usr/bin/xcodebuild -project CounterFixture.xcodeproj -scheme CounterFixture -destination platform=iOS Simulator,id=D81494CF-A98D-47A1-B72B…
grading 00:31:41 exit 65 · /usr/bin/xcodebuild -project CounterFixture.xcodeproj -scheme CounterFixture -destination platform=iOS Simula…
grading 00:31:41 $ /usr/bin/xcrun xcresulttool get test-results summary --path /Users/afterxleep/Developer/applebench-harness/.applebench/runs/2026-09-03T2231…
grading 00:31:41 ok · /usr/bin/xcrun xcresulttool get test-results summary --path /Users/afterxleep/Developer/applebench-harness/.a…
grading 00:31:41 FAIL xctest
grading 00:31:41 !! reaped a stray simulator
  FAIL · 16s
→ tests-002 · opencode
agent   00:31:42 agent started
agent   00:31:42 !! Agent sealed: reference solutions, task files and other runs are unreadable.
agent   00:31:42 $ /usr/bin/sandbox-exec -f /Users/afterxleep/Developer/applebench-harness/.applebench/runs/2026-09-03T223142-tests-002-opencode/agent.sb open…
agent   00:31:42 exit 1 · /usr/bin/sandbox-exec -f /Users/afterxleep/Developer/applebench-harness/.applebench/runs/2026-09-03T223142-te…
harness 00:31:43 agent finished · failed
grading 00:31:43 grading: build
grading 00:31:43 $ /usr/bin/xcodebuild -project DecodingFixture.xcodeproj -scheme DecodingFixture -destination platform=iOS Simulator,id=0AA5C162-6887-4811-BB…
grading 00:31:48 ok · /usr/bin/xcodebuild -project DecodingFixture.xcodeproj -scheme DecodingFixture -destination platform=iOS Simu…
grading 00:31:48 PASS build
grading 00:31:48 grading: xctest
grading 00:31:48 $ /usr/bin/xcodebuild -project DecodingFixture.xcodeproj -scheme DecodingFixture -destination platform=iOS Simulator,id=0AA5C162-6887-4811-BB…
grading 00:31:57 exit 65 · /usr/bin/xcodebuild -project DecodingFixture.xcodeproj -scheme DecodingFixture -destination platform=iOS Simu…
grading 00:31:57 $ /usr/bin/xcrun xcresulttool get test-results summary --path /Users/afterxleep/Developer/applebench-harness/.applebench/runs/2026-09-03T2231…
grading 00:31:57 ok · /usr/bin/xcrun xcresulttool get test-results summary --path /Users/afterxleep/Developer/applebench-harness/.a…
grading 00:31:57 FAIL xctest
grading 00:31:58 !! reaped a stray simulator
  FAIL · 16s
→ tests-005 · opencode
agent   00:31:58 agent started
agent   00:31:58 !! Agent sealed: reference solutions, task files and other runs are unreadable.
agent   00:31:58 $ /usr/bin/sandbox-exec -f /Users/afterxleep/Developer/applebench-harness/.applebench/runs/2026-09-03T223158-tests-005-opencode/agent.sb open…
agent   00:31:59 exit 1 · /usr/bin/sandbox-exec -f /Users/afterxleep/Developer/applebench-harness/.applebench/runs/2026-09-03T223158-te…
harness 00:31:59 agent finished · failed
grading 00:31:59 grading: build
grading 00:31:59 $ /usr/bin/xcodebuild -project LeakFixture.xcodeproj -scheme LeakFixture -destination platform=iOS Simulator,id=7F2CA373-8C68-4B32-B785-BB646…
grading 00:32:04 ok · /usr/bin/xcodebuild -project LeakFixture.xcodeproj -scheme LeakFixture -destination platform=iOS Simulator,id…
grading 00:32:04 PASS build
grading 00:32:04 grading: xctest
grading 00:32:04 $ /usr/bin/xcodebuild -project LeakFixture.xcodeproj -scheme LeakFixture -destination platform=iOS Simulator,id=7F2CA373-8C68-4B32-B785-BB646…
grading 00:32:13 exit 65 · /usr/bin/xcodebuild -project LeakFixture.xcodeproj -scheme LeakFixture -destination platform=iOS Simulator,id…
grading 00:32:13 $ /usr/bin/xcrun xcresulttool get test-results summary --path /Users/afterxleep/Developer/applebench-harness/.applebench/runs/2026-09-03T2231…
grading 00:32:13 ok · /usr/bin/xcrun xcresulttool get test-results summary --path /Users/afterxleep/Developer/applebench-harness/.a…
grading 00:32:13 FAIL xctest
grading 00:32:13 !! reaped a stray simulator
  FAIL · 15s
→ ui-auto-001 · opencode
agent   00:32:14 agent started
agent   00:32:14 !! Agent sealed: reference solutions, task files and other runs are unreadable.
agent   00:32:14 $ /usr/bin/sandbox-exec -f /Users/afterxleep/Developer/applebench-harness/.applebench/runs/2026-09-03T223214-ui-auto-001-opencode/agent.sb op…
agent   00:32:14 exit 1 · /usr/bin/sandbox-exec -f /Users/afterxleep/Developer/applebench-harness/.applebench/runs/2026-09-03T223214-ui…
harness 00:32:14 agent finished · failed
grading 00:32:32 grading: build
grading 00:32:32 $ /usr/bin/xcodebuild -project CounterFixture.xcodeproj -scheme CounterFixture -destination platform=iOS Simulator,id=3B0042BE-D868-4D5C-B70B…
grading 00:32:41 ok · /usr/bin/xcodebuild -project CounterFixture.xcodeproj -scheme CounterFixture -destination platform=iOS Simula…
grading 00:32:41 PASS build
grading 00:32:41 grading: xcuitest
grading 00:32:41 $ /usr/bin/xcodebuild -project CounterFixture.xcodeproj -scheme CounterFixture -destination platform=iOS Simulator,id=3B0042BE-D868-4D5C-B70B…
grading 00:32:42 exit 70 · /usr/bin/xcodebuild -project CounterFixture.xcodeproj -scheme CounterFixture -destination platform=iOS Simula…
grading 00:32:42 $ /usr/bin/xcrun xcresulttool get test-results summary --path /Users/afterxleep/Developer/applebench-harness/.applebench/runs/2026-09-03T2232…
grading 00:32:42 ok · /usr/bin/xcrun xcresulttool get test-results summary --path /Users/afterxleep/Developer/applebench-harness/.a…
grading 00:32:42 FAIL xcuitest
grading 00:32:42 grading: mutation
grading 00:32:42 $ /usr/bin/xcodebuild -project CounterFixture.xcodeproj -scheme CounterFixture -destination platform=iOS Simulator,id=3B0042BE-D868-4D5C-B70B…
grading 00:32:43 exit 70 · /usr/bin/xcodebuild -project CounterFixture.xcodeproj -scheme CounterFixture -destination platform=iOS Simula…
grading 00:32:43 PASS mutation
grading 00:32:46 !! reaped a stray simulator
  FAIL · 29s
→ ui-auto-002 · opencode
agent   00:32:47 agent started
agent   00:32:47 !! Agent sealed: reference solutions, task files and other runs are unreadable.
agent   00:32:47 $ /usr/bin/sandbox-exec -f /Users/afterxleep/Developer/applebench-harness/.applebench/runs/2026-09-03T223247-ui-auto-002-opencode/agent.sb op…
agent   00:32:47 exit 1 · /usr/bin/sandbox-exec -f /Users/afterxleep/Developer/applebench-harness/.applebench/runs/2026-09-03T223247-ui…
harness 00:32:48 agent finished · failed
grading 00:33:06 grading: build
grading 00:33:06 $ /usr/bin/xcodebuild -project FormFlowFixture.xcodeproj -scheme FormFlowFixture -destination platform=iOS Simulator,id=12A09503-27E9-4F27-A7…
grading 00:33:15 ok · /usr/bin/xcodebuild -project FormFlowFixture.xcodeproj -scheme FormFlowFixture -destination platform=iOS Simu…
grading 00:33:15 PASS build
grading 00:33:15 grading: xcuitest
grading 00:33:15 $ /usr/bin/xcodebuild -project FormFlowFixture.xcodeproj -scheme FormFlowFixture -destination platform=iOS Simulator,id=12A09503-27E9-4F27-A7…
grading 00:33:22 ok · /usr/bin/xcodebuild -project FormFlowFixture.xcodeproj -scheme FormFlowFixture -destination platform=iOS Simu…
grading 00:33:22 $ /usr/bin/xcrun xcresulttool get test-results summary --path /Users/afterxleep/Developer/applebench-harness/.applebench/runs/2026-09-03T2232…
grading 00:33:23 ok · /usr/bin/xcrun xcresulttool get test-results summary --path /Users/afterxleep/Developer/applebench-harness/.a…
grading 00:33:23 FAIL xcuitest
grading 00:33:23 grading: mutation
grading 00:33:23 $ /usr/bin/xcodebuild -project FormFlowFixture.xcodeproj -scheme FormFlowFixture -destination platform=iOS Simulator,id=12A09503-27E9-4F27-A7…
grading 00:33:26 ok · /usr/bin/xcodebuild -project FormFlowFixture.xcodeproj -scheme FormFlowFixture -destination platform=iOS Simu…
grading 00:33:26 FAIL mutation
grading 00:33:30 !! reaped a stray simulator
  FAIL · 40s
→ ui-auto-003 · opencode
agent   00:33:30 agent started
agent   00:33:30 !! Agent sealed: reference solutions, task files and other runs are unreadable.
agent   00:33:30 $ /usr/bin/sandbox-exec -f /Users/afterxleep/Developer/applebench-harness/.applebench/runs/2026-09-03T223330-ui-auto-003-opencode/agent.sb op…
agent   00:33:31 exit 1 · /usr/bin/sandbox-exec -f /Users/afterxleep/Developer/applebench-harness/.applebench/runs/2026-09-03T223330-ui…
harness 00:33:31 agent finished · failed
grading 00:33:48 grading: build
grading 00:33:48 $ /usr/bin/xcodebuild -project CartFixture.xcodeproj -scheme CartFixture -destination platform=iOS Simulator,id=8DBA0D2C-486E-4CDC-BF16-1F7B6…
grading 00:33:58 ok · /usr/bin/xcodebuild -project CartFixture.xcodeproj -scheme CartFixture -destination platform=iOS Simulator,id…
grading 00:33:58 PASS build
grading 00:33:58 grading: xcuitest
grading 00:33:58 $ /usr/bin/xcodebuild -project CartFixture.xcodeproj -scheme CartFixture -destination platform=iOS Simulator,id=8DBA0D2C-486E-4CDC-BF16-1F7B6…
grading 00:34:05 ok · /usr/bin/xcodebuild -project CartFixture.xcodeproj -scheme CartFixture -destination platform=iOS Simulator,id…
grading 00:34:05 $ /usr/bin/xcrun xcresulttool get test-results summary --path /Users/afterxleep/Developer/applebench-harness/.applebench/runs/2026-09-03T2233…
grading 00:34:05 ok · /usr/bin/xcrun xcresulttool get test-results summary --path /Users/afterxleep/Developer/applebench-harness/.a…
grading 00:34:05 FAIL xcuitest
grading 00:34:05 grading: mutation
grading 00:34:05 $ /usr/bin/xcodebuild -project CartFixture.xcodeproj -scheme CartFixture -destination platform=iOS Simulator,id=8DBA0D2C-486E-4CDC-BF16-1F7B6…
grading 00:34:08 ok · /usr/bin/xcodebuild -project CartFixture.xcodeproj -scheme CartFixture -destination platform=iOS Simulator,id…
grading 00:34:08 FAIL mutation
grading 00:34:12 !! reaped a stray simulator
  FAIL · 38s
→ ui-auto-004 · opencode
agent   00:34:13 agent started
agent   00:34:13 !! Agent sealed: reference solutions, task files and other runs are unreadable.
agent   00:34:13 $ /usr/bin/sandbox-exec -f /Users/afterxleep/Developer/applebench-harness/.applebench/runs/2026-09-03T223412-ui-auto-004-opencode/agent.sb op…
agent   00:34:13 exit 1 · /usr/bin/sandbox-exec -f /Users/afterxleep/Developer/applebench-harness/.applebench/runs/2026-09-03T223412-ui…
harness 00:34:13 agent finished · failed
grading 00:34:31 grading: build
grading 00:34:31 $ /usr/bin/xcodebuild -project SearchFixture.xcodeproj -scheme SearchFixture -destination platform=iOS Simulator,id=919102E7-4834-4F18-8A90-7…
grading 00:34:40 ok · /usr/bin/xcodebuild -project SearchFixture.xcodeproj -scheme SearchFixture -destination platform=iOS Simulato…
grading 00:34:40 PASS build
grading 00:34:40 grading: xcuitest
grading 00:34:40 $ /usr/bin/xcodebuild -project SearchFixture.xcodeproj -scheme SearchFixture -destination platform=iOS Simulator,id=919102E7-4834-4F18-8A90-7…
grading 00:34:48 ok · /usr/bin/xcodebuild -project SearchFixture.xcodeproj -scheme SearchFixture -destination platform=iOS Simulato…
grading 00:34:48 $ /usr/bin/xcrun xcresulttool get test-results summary --path /Users/afterxleep/Developer/applebench-harness/.applebench/runs/2026-09-03T2234…
grading 00:34:48 ok · /usr/bin/xcrun xcresulttool get test-results summary --path /Users/afterxleep/Developer/applebench-harness/.a…
grading 00:34:48 FAIL xcuitest
grading 00:34:48 grading: mutation
grading 00:34:48 $ /usr/bin/xcodebuild -project SearchFixture.xcodeproj -scheme SearchFixture -destination platform=iOS Simulator,id=919102E7-4834-4F18-8A90-7…
grading 00:34:51 ok · /usr/bin/xcodebuild -project SearchFixture.xcodeproj -scheme SearchFixture -destination platform=iOS Simulato…
grading 00:34:51 FAIL mutation
grading 00:34:55 !! reaped a stray simulator
  FAIL · 39s
→ ui-auto-005 · opencode
agent   00:34:55 agent started
agent   00:34:55 !! Agent sealed: reference solutions, task files and other runs are unreadable.
agent   00:34:55 $ /usr/bin/sandbox-exec -f /Users/afterxleep/Developer/applebench-harness/.applebench/runs/2026-09-03T223455-ui-auto-005-opencode/agent.sb op…
agent   00:34:56 exit 1 · /usr/bin/sandbox-exec -f /Users/afterxleep/Developer/applebench-harness/.applebench/runs/2026-09-03T223455-ui…
harness 00:34:56 agent finished · failed
grading 00:35:13 grading: build
grading 00:35:13 $ /usr/bin/xcodebuild -project TruncationFixture.xcodeproj -scheme TruncationFixture -destination platform=iOS Simulator,id=65778357-D2B7-44E…
grading 00:35:23 ok · /usr/bin/xcodebuild -project TruncationFixture.xcodeproj -scheme TruncationFixture -destination platform=iOS …
grading 00:35:23 PASS build
grading 00:35:23 grading: xcuitest
grading 00:35:23 $ /usr/bin/xcodebuild -project TruncationFixture.xcodeproj -scheme TruncationFixture -destination platform=iOS Simulator,id=65778357-D2B7-44E…
grading 00:35:30 ok · /usr/bin/xcodebuild -project TruncationFixture.xcodeproj -scheme TruncationFixture -destination platform=iOS …
grading 00:35:30 $ /usr/bin/xcrun xcresulttool get test-results summary --path /Users/afterxleep/Developer/applebench-harness/.applebench/runs/2026-09-03T2234…
grading 00:35:30 ok · /usr/bin/xcrun xcresulttool get test-results summary --path /Users/afterxleep/Developer/applebench-harness/.a…
grading 00:35:30 FAIL xcuitest
grading 00:35:30 grading: mutation
grading 00:35:30 $ /usr/bin/xcodebuild -project TruncationFixture.xcodeproj -scheme TruncationFixture -destination platform=iOS Simulator,id=65778357-D2B7-44E…
grading 00:35:34 ok · /usr/bin/xcodebuild -project TruncationFixture.xcodeproj -scheme TruncationFixture -destination platform=iOS …
grading 00:35:34 FAIL mutation
grading 00:35:37 !! reaped a stray simulator
  FAIL · 38s
→ ui-auto-006 · opencode
agent   00:35:37 agent started
agent   00:35:37 !! Agent sealed: reference solutions, task files and other runs are unreadable.
agent   00:35:37 $ /usr/bin/sandbox-exec -f /Users/afterxleep/Developer/applebench-harness/.applebench/runs/2026-09-03T223537-ui-auto-006-opencode/agent.sb op…
agent   00:35:38 exit 1 · /usr/bin/sandbox-exec -f /Users/afterxleep/Developer/applebench-harness/.applebench/runs/2026-09-03T223537-ui…
harness 00:35:38 agent finished · failed
grading 00:35:55 grading: build
grading 00:35:55 $ /usr/bin/xcodebuild -project RefreshFixture.xcodeproj -scheme RefreshFixture -destination platform=iOS Simulator,id=DCD0282F-70ED-4C0A-A3DF…
grading 00:36:05 ok · /usr/bin/xcodebuild -project RefreshFixture.xcodeproj -scheme RefreshFixture -destination platform=iOS Simula…
grading 00:36:05 PASS build
grading 00:36:05 grading: xcuitest
grading 00:36:05 $ /usr/bin/xcodebuild -project RefreshFixture.xcodeproj -scheme RefreshFixture -destination platform=iOS Simulator,id=DCD0282F-70ED-4C0A-A3DF…
grading 00:36:12 ok · /usr/bin/xcodebuild -project RefreshFixture.xcodeproj -scheme RefreshFixture -destination platform=iOS Simula…
grading 00:36:12 $ /usr/bin/xcrun xcresulttool get test-results summary --path /Users/afterxleep/Developer/applebench-harness/.applebench/runs/2026-09-03T2235…
grading 00:36:12 ok · /usr/bin/xcrun xcresulttool get test-results summary --path /Users/afterxleep/Developer/applebench-harness/.a…
grading 00:36:12 FAIL xcuitest
grading 00:36:12 grading: mutation
grading 00:36:12 $ /usr/bin/xcodebuild -project RefreshFixture.xcodeproj -scheme RefreshFixture -destination platform=iOS Simulator,id=DCD0282F-70ED-4C0A-A3DF…
grading 00:36:16 ok · /usr/bin/xcodebuild -project RefreshFixture.xcodeproj -scheme RefreshFixture -destination platform=iOS Simula…
grading 00:36:16 FAIL mutation
grading 00:36:19 !! reaped a stray simulator
  FAIL · 39s
→ ui-auto-007 · opencode
agent   00:36:20 agent started
agent   00:36:20 !! Agent sealed: reference solutions, task files and other runs are unreadable.
agent   00:36:20 $ /usr/bin/sandbox-exec -f /Users/afterxleep/Developer/applebench-harness/.applebench/runs/2026-09-03T223620-ui-auto-007-opencode/agent.sb op…
agent   00:36:21 exit 1 · /usr/bin/sandbox-exec -f /Users/afterxleep/Developer/applebench-harness/.applebench/runs/2026-09-03T223620-ui…
harness 00:36:21 agent finished · failed
grading 00:36:39 grading: build
grading 00:36:39 $ /usr/bin/xcodebuild -project NavigationFixture.xcodeproj -scheme NavigationFixture -destination platform=iOS Simulator,id=2066224F-C2F8-42B…
grading 00:36:48 ok · /usr/bin/xcodebuild -project NavigationFixture.xcodeproj -scheme NavigationFixture -destination platform=iOS …
grading 00:36:48 PASS build
grading 00:36:48 grading: xcuitest
grading 00:36:48 $ /usr/bin/xcodebuild -project NavigationFixture.xcodeproj -scheme NavigationFixture -destination platform=iOS Simulator,id=2066224F-C2F8-42B…
grading 00:36:55 ok · /usr/bin/xcodebuild -project NavigationFixture.xcodeproj -scheme NavigationFixture -destination platform=iOS …
grading 00:36:55 $ /usr/bin/xcrun xcresulttool get test-results summary --path /Users/afterxleep/Developer/applebench-harness/.applebench/runs/2026-09-03T2236…
grading 00:36:55 ok · /usr/bin/xcrun xcresulttool get test-results summary --path /Users/afterxleep/Developer/applebench-harness/.a…
grading 00:36:55 FAIL xcuitest
grading 00:36:55 grading: mutation
grading 00:36:55 $ /usr/bin/xcodebuild -project NavigationFixture.xcodeproj -scheme NavigationFixture -destination platform=iOS Simulator,id=2066224F-C2F8-42B…
grading 00:37:37 exit 65 · /usr/bin/xcodebuild -project NavigationFixture.xcodeproj -scheme NavigationFixture -destination platform=iOS …
grading 00:37:37 PASS mutation
grading 00:37:40 !! reaped a stray simulator
  FAIL · 1m 17s
→ ui-auto-008 · opencode
agent   00:37:41 agent started
agent   00:37:41 !! Agent sealed: reference solutions, task files and other runs are unreadable.
agent   00:37:41 $ /usr/bin/sandbox-exec -f /Users/afterxleep/Developer/applebench-harness/.applebench/runs/2026-09-03T223741-ui-auto-008-opencode/agent.sb op…
agent   00:37:42 exit 1 · /usr/bin/sandbox-exec -f /Users/afterxleep/Developer/applebench-harness/.applebench/runs/2026-09-03T223741-ui…
harness 00:37:42 agent finished · failed
grading 00:38:02 grading: build
grading 00:38:02 $ /usr/bin/xcodebuild -project AdaptiveLayoutFixture.xcodeproj -scheme AdaptiveLayoutFixture -destination platform=iOS Simulator,id=0681CC64-…
grading 00:38:11 ok · /usr/bin/xcodebuild -project AdaptiveLayoutFixture.xcodeproj -scheme AdaptiveLayoutFixture -destination platf…
grading 00:38:11 PASS build
grading 00:38:11 grading: xcuitest
grading 00:38:11 $ /usr/bin/xcodebuild -project AdaptiveLayoutFixture.xcodeproj -scheme AdaptiveLayoutFixture -destination platform=iOS Simulator,id=0681CC64-…
grading 00:38:20 ok · /usr/bin/xcodebuild -project AdaptiveLayoutFixture.xcodeproj -scheme AdaptiveLayoutFixture -destination platf…
grading 00:38:20 $ /usr/bin/xcrun xcresulttool get test-results summary --path /Users/afterxleep/Developer/applebench-harness/.applebench/runs/2026-09-03T2237…
grading 00:38:20 ok · /usr/bin/xcrun xcresulttool get test-results summary --path /Users/afterxleep/Developer/applebench-harness/.a…
grading 00:38:20 FAIL xcuitest
grading 00:38:20 grading: mutation
grading 00:38:20 $ /usr/bin/xcodebuild -project AdaptiveLayoutFixture.xcodeproj -scheme AdaptiveLayoutFixture -destination platform=iOS Simulator,id=0681CC64-…
grading 00:38:24 ok · /usr/bin/xcodebuild -project AdaptiveLayoutFixture.xcodeproj -scheme AdaptiveLayoutFixture -destination platf…
grading 00:38:24 FAIL mutation
grading 00:38:28 !! reaped a stray simulator
  FAIL · 44s
→ ui-auto-009 · opencode
agent   00:38:28 agent started
agent   00:38:28 !! Agent sealed: reference solutions, task files and other runs are unreadable.
agent   00:38:28 $ /usr/bin/sandbox-exec -f /Users/afterxleep/Developer/applebench-harness/.applebench/runs/2026-09-03T223828-ui-auto-009-opencode/agent.sb op…
agent   00:38:29 exit 1 · /usr/bin/sandbox-exec -f /Users/afterxleep/Developer/applebench-harness/.applebench/runs/2026-09-03T223828-ui…
harness 00:38:29 agent finished · failed
grading 00:38:47 grading: build
grading 00:38:47 $ /usr/bin/xcodebuild -project GestureFixture.xcodeproj -scheme GestureFixture -destination platform=iOS Simulator,id=176745BE-16CA-44F2-85A2…
grading 00:38:57 ok · /usr/bin/xcodebuild -project GestureFixture.xcodeproj -scheme GestureFixture -destination platform=iOS Simula…
grading 00:38:57 PASS build
grading 00:38:57 grading: xcuitest
grading 00:38:57 $ /usr/bin/xcodebuild -project GestureFixture.xcodeproj -scheme GestureFixture -destination platform=iOS Simulator,id=176745BE-16CA-44F2-85A2…
grading 00:38:58 exit 66 · /usr/bin/xcodebuild -project GestureFixture.xcodeproj -scheme GestureFixture -destination platform=iOS Simula…
grading 00:38:58 $ /usr/bin/xcrun xcresulttool get test-results summary --path /Users/afterxleep/Developer/applebench-harness/.applebench/runs/2026-09-03T2238…
grading 00:38:58 ok · /usr/bin/xcrun xcresulttool get test-results summary --path /Users/afterxleep/Developer/applebench-harness/.a…
grading 00:38:58 FAIL xcuitest
grading 00:38:58 grading: mutation
grading 00:38:58 $ /usr/bin/xcodebuild -project GestureFixture.xcodeproj -scheme GestureFixture -destination platform=iOS Simulator,id=176745BE-16CA-44F2-85A2…
grading 00:38:59 exit 66 · /usr/bin/xcodebuild -project GestureFixture.xcodeproj -scheme GestureFixture -destination platform=iOS Simula…
grading 00:38:59 PASS mutation
grading 00:39:02 !! reaped a stray simulator
  FAIL · 31s
→ ui-auto-010 · opencode
agent   00:39:03 agent started
agent   00:39:03 !! Agent sealed: reference solutions, task files and other runs are unreadable.
agent   00:39:03 $ /usr/bin/sandbox-exec -f /Users/afterxleep/Developer/applebench-harness/.applebench/runs/2026-09-03T223903-ui-auto-010-opencode/agent.sb op…
agent   00:39:03 exit 1 · /usr/bin/sandbox-exec -f /Users/afterxleep/Developer/applebench-harness/.applebench/runs/2026-09-03T223903-ui…
harness 00:39:04 agent finished · failed
grading 00:39:23 grading: build
grading 00:39:23 $ /usr/bin/xcodebuild -project SearchFixture.xcodeproj -scheme SearchFixture -destination platform=iOS Simulator,id=DBD652FD-895E-47AB-B814-D…
grading 00:39:31 ok · /usr/bin/xcodebuild -project SearchFixture.xcodeproj -scheme SearchFixture -destination platform=iOS Simulato…
grading 00:39:31 PASS build
grading 00:39:31 grading: xcuitest
grading 00:39:31 $ /usr/bin/xcodebuild -project SearchFixture.xcodeproj -scheme SearchFixture -destination platform=iOS Simulator,id=DBD652FD-895E-47AB-B814-D…
grading 00:39:39 ok · /usr/bin/xcodebuild -project SearchFixture.xcodeproj -scheme SearchFixture -destination platform=iOS Simulato…
grading 00:39:39 $ /usr/bin/xcrun xcresulttool get test-results summary --path /Users/afterxleep/Developer/applebench-harness/.applebench/runs/2026-09-03T2239…
grading 00:39:39 ok · /usr/bin/xcrun xcresulttool get test-results summary --path /Users/afterxleep/Developer/applebench-harness/.a…
grading 00:39:39 FAIL xcuitest
grading 00:39:39 grading: mutation
grading 00:39:39 $ /usr/bin/xcodebuild -project SearchFixture.xcodeproj -scheme SearchFixture -destination platform=iOS Simulator,id=DBD652FD-895E-47AB-B814-D…
grading 00:39:43 ok · /usr/bin/xcodebuild -project SearchFixture.xcodeproj -scheme SearchFixture -destination platform=iOS Simulato…
grading 00:39:43 FAIL mutation
grading 00:39:46 !! reaped a stray simulator
  FAIL · 40s
→ ui-auto-011 · opencode
agent   00:39:47 agent started
agent   00:39:47 !! Agent sealed: reference solutions, task files and other runs are unreadable.
agent   00:39:47 $ /usr/bin/sandbox-exec -f /Users/afterxleep/Developer/applebench-harness/.applebench/runs/2026-09-03T223947-ui-auto-011-opencode/agent.sb op…
agent   00:39:47 exit 1 · /usr/bin/sandbox-exec -f /Users/afterxleep/Developer/applebench-harness/.applebench/runs/2026-09-03T223947-ui…
harness 00:39:48 agent finished · failed
grading 00:40:05 grading: build
grading 00:40:05 $ /usr/bin/xcodebuild -project RefreshFixture.xcodeproj -scheme RefreshFixture -destination platform=iOS Simulator,id=AA217E14-7193-4327-BFB4…
grading 00:40:15 ok · /usr/bin/xcodebuild -project RefreshFixture.xcodeproj -scheme RefreshFixture -destination platform=iOS Simula…
grading 00:40:15 PASS build
grading 00:40:15 grading: xcuitest
grading 00:40:15 $ /usr/bin/xcodebuild -project RefreshFixture.xcodeproj -scheme RefreshFixture -destination platform=iOS Simulator,id=AA217E14-7193-4327-BFB4…
grading 00:40:21 ok · /usr/bin/xcodebuild -project RefreshFixture.xcodeproj -scheme RefreshFixture -destination platform=iOS Simula…
grading 00:40:21 $ /usr/bin/xcrun xcresulttool get test-results summary --path /Users/afterxleep/Developer/applebench-harness/.applebench/runs/2026-09-03T2239…
grading 00:40:21 ok · /usr/bin/xcrun xcresulttool get test-results summary --path /Users/afterxleep/Developer/applebench-harness/.a…
grading 00:40:21 FAIL xcuitest
grading 00:40:21 grading: mutation
grading 00:40:21 $ /usr/bin/xcodebuild -project RefreshFixture.xcodeproj -scheme RefreshFixture -destination platform=iOS Simulator,id=AA217E14-7193-4327-BFB4…
grading 00:40:25 ok · /usr/bin/xcodebuild -project RefreshFixture.xcodeproj -scheme RefreshFixture -destination platform=iOS Simula…
grading 00:40:25 FAIL mutation
grading 00:40:29 !! reaped a stray simulator
  FAIL · 39s
→ ui-auto-012 · opencode
agent   00:40:29 agent started
agent   00:40:29 !! Agent sealed: reference solutions, task files and other runs are unreadable.
agent   00:40:29 $ /usr/bin/sandbox-exec -f /Users/afterxleep/Developer/applebench-harness/.applebench/runs/2026-09-03T224029-ui-auto-012-opencode/agent.sb op…
agent   00:40:30 exit 1 · /usr/bin/sandbox-exec -f /Users/afterxleep/Developer/applebench-harness/.applebench/runs/2026-09-03T224029-ui…
harness 00:40:30 agent finished · failed
grading 00:40:49 grading: build
grading 00:40:49 $ /usr/bin/xcodebuild -project SearchFixture.xcodeproj -scheme SearchFixture -destination platform=iOS Simulator,id=F38C31CD-0763-4F47-9BC7-F…
grading 00:40:58 ok · /usr/bin/xcodebuild -project SearchFixture.xcodeproj -scheme SearchFixture -destination platform=iOS Simulato…
grading 00:40:58 PASS build
grading 00:40:58 grading: xcuitest
grading 00:40:58 $ /usr/bin/xcodebuild -project SearchFixture.xcodeproj -scheme SearchFixture -destination platform=iOS Simulator,id=F38C31CD-0763-4F47-9BC7-F…
grading 00:41:06 ok · /usr/bin/xcodebuild -project SearchFixture.xcodeproj -scheme SearchFixture -destination platform=iOS Simulato…
grading 00:41:06 $ /usr/bin/xcrun xcresulttool get test-results summary --path /Users/afterxleep/Developer/applebench-harness/.applebench/runs/2026-09-03T2240…
grading 00:41:06 ok · /usr/bin/xcrun xcresulttool get test-results summary --path /Users/afterxleep/Developer/applebench-harness/.a…
grading 00:41:06 FAIL xcuitest
grading 00:41:06 grading: mutation
grading 00:41:06 $ /usr/bin/xcodebuild -project SearchFixture.xcodeproj -scheme SearchFixture -destination platform=iOS Simulator,id=F38C31CD-0763-4F47-9BC7-F…
grading 00:41:10 ok · /usr/bin/xcodebuild -project SearchFixture.xcodeproj -scheme SearchFixture -destination platform=iOS Simulato…
grading 00:41:10 FAIL mutation
grading 00:41:13 !! reaped a stray simulator
  FAIL · 41s
→ ui-auto-014 · opencode
agent   00:41:14 agent started
agent   00:41:14 !! Agent sealed: reference solutions, task files and other runs are unreadable.
agent   00:41:14 $ /usr/bin/sandbox-exec -f /Users/afterxleep/Developer/applebench-harness/.applebench/runs/2026-09-03T224114-ui-auto-014-opencode/agent.sb op…
agent   00:41:14 exit 1 · /usr/bin/sandbox-exec -f /Users/afterxleep/Developer/applebench-harness/.applebench/runs/2026-09-03T224114-ui…
harness 00:41:15 agent finished · failed
grading 00:41:31 grading: build
grading 00:41:31 $ /usr/bin/xcodebuild -project FormFlowFixture.xcodeproj -scheme FormFlowFixture -destination platform=iOS Simulator,id=E0B8AE91-C1DB-4B77-A6…
grading 00:41:41 ok · /usr/bin/xcodebuild -project FormFlowFixture.xcodeproj -scheme FormFlowFixture -destination platform=iOS Simu…
grading 00:41:41 PASS build
grading 00:41:41 grading: xcuitest
grading 00:41:41 $ /usr/bin/xcodebuild -project FormFlowFixture.xcodeproj -scheme FormFlowFixture -destination platform=iOS Simulator,id=E0B8AE91-C1DB-4B77-A6…
grading 00:41:48 ok · /usr/bin/xcodebuild -project FormFlowFixture.xcodeproj -scheme FormFlowFixture -destination platform=iOS Simu…
grading 00:41:48 $ /usr/bin/xcrun xcresulttool get test-results summary --path /Users/afterxleep/Developer/applebench-harness/.applebench/runs/2026-09-03T2241…
grading 00:41:48 ok · /usr/bin/xcrun xcresulttool get test-results summary --path /Users/afterxleep/Developer/applebench-harness/.a…
grading 00:41:48 FAIL xcuitest
grading 00:41:48 grading: mutation
grading 00:41:48 $ /usr/bin/xcodebuild -project FormFlowFixture.xcodeproj -scheme FormFlowFixture -destination platform=iOS Simulator,id=E0B8AE91-C1DB-4B77-A6…
grading 00:41:52 ok · /usr/bin/xcodebuild -project FormFlowFixture.xcodeproj -scheme FormFlowFixture -destination platform=iOS Simu…
grading 00:41:52 FAIL mutation
grading 00:41:56 !! reaped a stray simulator
  FAIL · 38s
→ ui-auto-015 · opencode
agent   00:41:56 agent started
agent   00:41:56 !! Agent sealed: reference solutions, task files and other runs are unreadable.
agent   00:41:56 $ /usr/bin/sandbox-exec -f /Users/afterxleep/Developer/applebench-harness/.applebench/runs/2026-09-03T224156-ui-auto-015-opencode/agent.sb op…
agent   00:41:57 exit 1 · /usr/bin/sandbox-exec -f /Users/afterxleep/Developer/applebench-harness/.applebench/runs/2026-09-03T224156-ui…
harness 00:41:57 agent finished · failed
grading 00:42:14 grading: build
grading 00:42:14 $ /usr/bin/xcodebuild -project FormFlowFixture.xcodeproj -scheme FormFlowFixture -destination platform=iOS Simulator,id=0DE6FA19-6B2E-4DEC-99…
grading 00:42:23 ok · /usr/bin/xcodebuild -project FormFlowFixture.xcodeproj -scheme FormFlowFixture -destination platform=iOS Simu…
grading 00:42:23 PASS build
grading 00:42:23 grading: xcuitest
grading 00:42:23 $ /usr/bin/xcodebuild -project FormFlowFixture.xcodeproj -scheme FormFlowFixture -destination platform=iOS Simulator,id=0DE6FA19-6B2E-4DEC-99…
grading 00:42:30 ok · /usr/bin/xcodebuild -project FormFlowFixture.xcodeproj -scheme FormFlowFixture -destination platform=iOS Simu…
grading 00:42:30 $ /usr/bin/xcrun xcresulttool get test-results summary --path /Users/afterxleep/Developer/applebench-harness/.applebench/runs/2026-09-03T2241…
grading 00:42:30 ok · /usr/bin/xcrun xcresulttool get test-results summary --path /Users/afterxleep/Developer/applebench-harness/.a…
grading 00:42:30 FAIL xcuitest
grading 00:42:30 grading: mutation
grading 00:42:30 $ /usr/bin/xcodebuild -project FormFlowFixture.xcodeproj -scheme FormFlowFixture -destination platform=iOS Simulator,id=0DE6FA19-6B2E-4DEC-99…
grading 00:42:34 ok · /usr/bin/xcodebuild -project FormFlowFixture.xcodeproj -scheme FormFlowFixture -destination platform=iOS Simu…
grading 00:42:34 FAIL mutation
grading 00:42:37 !! reaped a stray simulator
  FAIL · 38s
→ ui-auto-016 · opencode
agent   00:42:38 agent started
agent   00:42:38 !! Agent sealed: reference solutions, task files and other runs are unreadable.
agent   00:42:38 $ /usr/bin/sandbox-exec -f /Users/afterxleep/Developer/applebench-harness/.applebench/runs/2026-09-03T224238-ui-auto-016-opencode/agent.sb op…
agent   00:42:38 exit 1 · /usr/bin/sandbox-exec -f /Users/afterxleep/Developer/applebench-harness/.applebench/runs/2026-09-03T224238-ui…
harness 00:42:38 agent finished · failed
grading 00:43:03 grading: build
grading 00:43:03 $ /usr/bin/xcodebuild -project FormFlowFixture.xcodeproj -scheme FormFlowFixture -destination platform=iOS Simulator,id=707459AD-75B0-49F2-BA…
grading 00:43:13 ok · /usr/bin/xcodebuild -project FormFlowFixture.xcodeproj -scheme FormFlowFixture -destination platform=iOS Simu…
grading 00:43:13 PASS build
grading 00:43:13 grading: xcuitest
grading 00:43:13 $ /usr/bin/xcodebuild -project FormFlowFixture.xcodeproj -scheme FormFlowFixture -destination platform=iOS Simulator,id=707459AD-75B0-49F2-BA…
grading 00:43:22 ok · /usr/bin/xcodebuild -project FormFlowFixture.xcodeproj -scheme FormFlowFixture -destination platform=iOS Simu…
grading 00:43:22 $ /usr/bin/xcrun xcresulttool get test-results summary --path /Users/afterxleep/Developer/applebench-harness/.applebench/runs/2026-09-03T2242…
grading 00:43:22 ok · /usr/bin/xcrun xcresulttool get test-results summary --path /Users/afterxleep/Developer/applebench-harness/.a…
grading 00:43:22 FAIL xcuitest
grading 00:43:22 grading: mutation
grading 00:43:22 $ /usr/bin/xcodebuild -project FormFlowFixture.xcodeproj -scheme FormFlowFixture -destination platform=iOS Simulator,id=707459AD-75B0-49F2-BA…
grading 00:43:27 ok · /usr/bin/xcodebuild -project FormFlowFixture.xcodeproj -scheme FormFlowFixture -destination platform=iOS Simu…
grading 00:43:27 FAIL mutation
grading 00:43:31 !! reaped a stray simulator
  FAIL · 50s
→ ui-auto-017 · opencode
agent   00:43:31 agent started
agent   00:43:31 !! Agent sealed: reference solutions, task files and other runs are unreadable.
agent   00:43:31 $ /usr/bin/sandbox-exec -f /Users/afterxleep/Developer/applebench-harness/.applebench/runs/2026-09-03T224331-ui-auto-017-opencode/agent.sb op…
agent   00:43:32 exit 1 · /usr/bin/sandbox-exec -f /Users/afterxleep/Developer/applebench-harness/.applebench/runs/2026-09-03T224331-ui…
harness 00:43:32 agent finished · failed
grading 00:43:51 grading: trajectory
grading 00:43:51 PASS trajectory
grading 00:43:51 grading: build
grading 00:43:51 $ /usr/bin/xcodebuild -project SafeAreaFixture.xcodeproj -scheme SafeAreaFixture -destination platform=iOS Simulator,id=DF432639-A66F-438F-A1…
grading 00:44:01 ok · /usr/bin/xcodebuild -project SafeAreaFixture.xcodeproj -scheme SafeAreaFixture -destination platform=iOS Simu…
grading 00:44:01 PASS build
grading 00:44:01 grading: xcuitest
grading 00:44:01 $ /usr/bin/xcodebuild -project SafeAreaFixture.xcodeproj -scheme SafeAreaFixture -destination platform=iOS Simulator,id=DF432639-A66F-438F-A1…
grading 00:44:08 ok · /usr/bin/xcodebuild -project SafeAreaFixture.xcodeproj -scheme SafeAreaFixture -destination platform=iOS Simu…
grading 00:44:08 $ /usr/bin/xcrun xcresulttool get test-results summary --path /Users/afterxleep/Developer/applebench-harness/.applebench/runs/2026-09-03T2243…
grading 00:44:08 ok · /usr/bin/xcrun xcresulttool get test-results summary --path /Users/afterxleep/Developer/applebench-harness/.a…
grading 00:44:08 FAIL xcuitest
grading 00:44:08 grading: file
grading 00:44:08 FAIL file
grading 00:44:08 grading: mutation
grading 00:44:08 $ /usr/bin/xcodebuild -project SafeAreaFixture.xcodeproj -scheme SafeAreaFixture -destination platform=iOS Simulator,id=DF432639-A66F-438F-A1…
grading 00:44:11 ok · /usr/bin/xcodebuild -project SafeAreaFixture.xcodeproj -scheme SafeAreaFixture -destination platform=iOS Simu…
grading 00:44:11 FAIL mutation
grading 00:44:15 !! reaped a stray simulator
  FAIL · 40s
→ ui-auto-018 · opencode
agent   00:44:15 agent started
agent   00:44:15 !! Agent sealed: reference solutions, task files and other runs are unreadable.
agent   00:44:15 $ /usr/bin/sandbox-exec -f /Users/afterxleep/Developer/applebench-harness/.applebench/runs/2026-09-03T224415-ui-auto-018-opencode/agent.sb op…
agent   00:44:16 exit 1 · /usr/bin/sandbox-exec -f /Users/afterxleep/Developer/applebench-harness/.applebench/runs/2026-09-03T224415-ui…
harness 00:44:16 agent finished · failed
grading 00:44:33 grading: build
grading 00:44:33 $ /usr/bin/xcodebuild -project FormFlowFixture.xcodeproj -scheme FormFlowFixture -destination platform=iOS Simulator,id=7CED4E8E-BCC1-4E49-92…
grading 00:44:43 ok · /usr/bin/xcodebuild -project FormFlowFixture.xcodeproj -scheme FormFlowFixture -destination platform=iOS Simu…
grading 00:44:43 PASS build
grading 00:44:43 grading: xcuitest
grading 00:44:43 $ /usr/bin/xcodebuild -project FormFlowFixture.xcodeproj -scheme FormFlowFixture -destination platform=iOS Simulator,id=7CED4E8E-BCC1-4E49-92…
grading 00:44:50 ok · /usr/bin/xcodebuild -project FormFlowFixture.xcodeproj -scheme FormFlowFixture -destination platform=iOS Simu…
grading 00:44:50 $ /usr/bin/xcrun xcresulttool get test-results summary --path /Users/afterxleep/Developer/applebench-harness/.applebench/runs/2026-09-03T2244…
grading 00:44:50 ok · /usr/bin/xcrun xcresulttool get test-results summary --path /Users/afterxleep/Developer/applebench-harness/.a…
grading 00:44:50 FAIL xcuitest
grading 00:44:50 grading: mutation
grading 00:44:50 $ /usr/bin/xcodebuild -project FormFlowFixture.xcodeproj -scheme FormFlowFixture -destination platform=iOS Simulator,id=7CED4E8E-BCC1-4E49-92…
grading 00:44:54 ok · /usr/bin/xcodebuild -project FormFlowFixture.xcodeproj -scheme FormFlowFixture -destination platform=iOS Simu…
grading 00:44:54 FAIL mutation
grading 00:44:57 !! reaped a stray simulator
  FAIL · 39s
→ ui-auto-019 · opencode
agent   00:44:58 agent started
agent   00:44:58 !! Agent sealed: reference solutions, task files and other runs are unreadable.
agent   00:44:58 $ /usr/bin/sandbox-exec -f /Users/afterxleep/Developer/applebench-harness/.applebench/runs/2026-09-03T224458-ui-auto-019-opencode/agent.sb op…
agent   00:44:59 exit 1 · /usr/bin/sandbox-exec -f /Users/afterxleep/Developer/applebench-harness/.applebench/runs/2026-09-03T224458-ui…
harness 00:44:59 agent finished · failed
grading 00:45:18 grading: build
grading 00:45:18 $ /usr/bin/xcodebuild -project DynamicTypeFixture.xcodeproj -scheme DynamicTypeFixture -destination platform=iOS Simulator,id=DB6CFBF1-3E20-4…
grading 00:45:28 ok · /usr/bin/xcodebuild -project DynamicTypeFixture.xcodeproj -scheme DynamicTypeFixture -destination platform=iO…
grading 00:45:28 PASS build
grading 00:45:28 grading: xcuitest
grading 00:45:28 $ /usr/bin/xcodebuild -project DynamicTypeFixture.xcodeproj -scheme DynamicTypeFixture -destination platform=iOS Simulator,id=DB6CFBF1-3E20-4…
grading 00:45:35 ok · /usr/bin/xcodebuild -project DynamicTypeFixture.xcodeproj -scheme DynamicTypeFixture -destination platform=iO…
grading 00:45:35 $ /usr/bin/xcrun xcresulttool get test-results summary --path /Users/afterxleep/Developer/applebench-harness/.applebench/runs/2026-09-03T2244…
grading 00:45:35 ok · /usr/bin/xcrun xcresulttool get test-results summary --path /Users/afterxleep/Developer/applebench-harness/.a…
grading 00:45:35 FAIL xcuitest
grading 00:45:35 grading: mutation
grading 00:45:35 $ /usr/bin/xcodebuild -project DynamicTypeFixture.xcodeproj -scheme DynamicTypeFixture -destination platform=iOS Simulator,id=DB6CFBF1-3E20-4…
grading 00:45:39 ok · /usr/bin/xcodebuild -project DynamicTypeFixture.xcodeproj -scheme DynamicTypeFixture -destination platform=iO…
grading 00:45:39 FAIL mutation
grading 00:45:43 !! reaped a stray simulator
  FAIL · 41s
→ visual-001 · opencode
agent   00:45:43 agent started
agent   00:45:43 !! Agent sealed: reference solutions, task files and other runs are unreadable.
agent   00:45:43 $ /usr/bin/sandbox-exec -f /Users/afterxleep/Developer/applebench-harness/.applebench/runs/2026-09-03T224543-visual-001-opencode/agent.sb ope…
agent   00:45:44 exit 1 · /usr/bin/sandbox-exec -f /Users/afterxleep/Developer/applebench-harness/.applebench/runs/2026-09-03T224543-vi…
harness 00:45:44 agent finished · failed
grading 00:46:03 grading: build
grading 00:46:03 $ /usr/bin/xcodebuild -project TruncationFixture.xcodeproj -scheme TruncationFixture -destination platform=iOS Simulator,id=C9983C88-7811-4E7…
grading 00:46:13 ok · /usr/bin/xcodebuild -project TruncationFixture.xcodeproj -scheme TruncationFixture -destination platform=iOS …
grading 00:46:13 PASS build
grading 00:46:13 grading: xcuitest
grading 00:46:13 $ /usr/bin/xcodebuild -project TruncationFixture.xcodeproj -scheme TruncationFixture -destination platform=iOS Simulator,id=C9983C88-7811-4E7…
grading 00:46:28 exit 65 · /usr/bin/xcodebuild -project TruncationFixture.xcodeproj -scheme TruncationFixture -destination platform=iOS …
grading 00:46:28 $ /usr/bin/xcrun xcresulttool get test-results summary --path /Users/afterxleep/Developer/applebench-harness/.applebench/runs/2026-09-03T2245…
grading 00:46:28 ok · /usr/bin/xcrun xcresulttool get test-results summary --path /Users/afterxleep/Developer/applebench-harness/.a…
grading 00:46:28 FAIL xcuitest
grading 00:46:32 !! reaped a stray simulator
  FAIL · 45s
→ visual-003 · opencode
agent   00:46:32 agent started
agent   00:46:32 !! Agent sealed: reference solutions, task files and other runs are unreadable.
agent   00:46:32 $ /usr/bin/sandbox-exec -f /Users/afterxleep/Developer/applebench-harness/.applebench/runs/2026-09-03T224632-visual-003-opencode/agent.sb ope…
agent   00:46:33 exit 1 · /usr/bin/sandbox-exec -f /Users/afterxleep/Developer/applebench-harness/.applebench/runs/2026-09-03T224632-vi…
harness 00:46:33 agent finished · failed
grading 00:46:52 grading: build
grading 00:46:52 $ /usr/bin/xcodebuild -project SafeAreaFixture.xcodeproj -scheme SafeAreaFixture -destination platform=iOS Simulator,id=185D5AF7-B101-4621-8E…
grading 00:47:02 ok · /usr/bin/xcodebuild -project SafeAreaFixture.xcodeproj -scheme SafeAreaFixture -destination platform=iOS Simu…
grading 00:47:02 PASS build
grading 00:47:02 grading: xcuitest
grading 00:47:02 $ /usr/bin/xcodebuild -project SafeAreaFixture.xcodeproj -scheme SafeAreaFixture -destination platform=iOS Simulator,id=185D5AF7-B101-4621-8E…
grading 00:47:16 exit 65 · /usr/bin/xcodebuild -project SafeAreaFixture.xcodeproj -scheme SafeAreaFixture -destination platform=iOS Simu…
grading 00:47:16 $ /usr/bin/xcrun xcresulttool get test-results summary --path /Users/afterxleep/Developer/applebench-harness/.applebench/runs/2026-09-03T2246…
grading 00:47:16 ok · /usr/bin/xcrun xcresulttool get test-results summary --path /Users/afterxleep/Developer/applebench-harness/.a…
grading 00:47:16 FAIL xcuitest
grading 00:47:20 !! reaped a stray simulator
  FAIL · 45s
→ visual-004 · opencode
agent   00:47:21 agent started
agent   00:47:21 !! Agent sealed: reference solutions, task files and other runs are unreadable.
agent   00:47:21 $ /usr/bin/sandbox-exec -f /Users/afterxleep/Developer/applebench-harness/.applebench/runs/2026-09-03T224720-visual-004-opencode/agent.sb ope…
agent   00:47:21 exit 1 · /usr/bin/sandbox-exec -f /Users/afterxleep/Developer/applebench-harness/.applebench/runs/2026-09-03T224720-vi…
harness 00:47:21 agent finished · failed
grading 00:47:39 grading: build
grading 00:47:39 $ /usr/bin/xcodebuild -project DynamicTypeFixture.xcodeproj -scheme DynamicTypeFixture -destination platform=iOS Simulator,id=5CAE1036-5F58-4…
grading 00:47:50 ok · /usr/bin/xcodebuild -project DynamicTypeFixture.xcodeproj -scheme DynamicTypeFixture -destination platform=iO…
grading 00:47:50 PASS build
grading 00:47:50 grading: xcuitest
grading 00:47:50 $ /usr/bin/xcodebuild -project DynamicTypeFixture.xcodeproj -scheme DynamicTypeFixture -destination platform=iOS Simulator,id=5CAE1036-5F58-4…
grading 00:48:08 exit 65 · /usr/bin/xcodebuild -project DynamicTypeFixture.xcodeproj -scheme DynamicTypeFixture -destination platform=iO…
grading 00:48:08 $ /usr/bin/xcrun xcresulttool get test-results summary --path /Users/afterxleep/Developer/applebench-harness/.applebench/runs/2026-09-03T2247…
grading 00:48:08 ok · /usr/bin/xcrun xcresulttool get test-results summary --path /Users/afterxleep/Developer/applebench-harness/.a…
grading 00:48:08 FAIL xcuitest
grading 00:48:12 !! reaped a stray simulator
  FAIL · 48s
→ visual-005 · opencode
agent   00:48:12 agent started
agent   00:48:12 !! Agent sealed: reference solutions, task files and other runs are unreadable.
agent   00:48:12 $ /usr/bin/sandbox-exec -f /Users/afterxleep/Developer/applebench-harness/.applebench/runs/2026-09-03T224812-visual-005-opencode/agent.sb ope…
agent   00:48:13 exit 1 · /usr/bin/sandbox-exec -f /Users/afterxleep/Developer/applebench-harness/.applebench/runs/2026-09-03T224812-vi…
harness 00:48:13 agent finished · failed
grading 00:48:33 grading: build
grading 00:48:33 $ /usr/bin/xcodebuild -project AdaptiveLayoutFixture.xcodeproj -scheme AdaptiveLayoutFixture -destination platform=iOS Simulator,id=2B49AAD1-…
grading 00:48:42 ok · /usr/bin/xcodebuild -project AdaptiveLayoutFixture.xcodeproj -scheme AdaptiveLayoutFixture -destination platf…
grading 00:48:42 PASS build
grading 00:48:42 grading: xcuitest
grading 00:48:42 $ /usr/bin/xcodebuild -project AdaptiveLayoutFixture.xcodeproj -scheme AdaptiveLayoutFixture -destination platform=iOS Simulator,id=2B49AAD1-…
grading 00:49:00 exit 65 · /usr/bin/xcodebuild -project AdaptiveLayoutFixture.xcodeproj -scheme AdaptiveLayoutFixture -destination platf…
grading 00:49:00 $ /usr/bin/xcrun xcresulttool get test-results summary --path /Users/afterxleep/Developer/applebench-harness/.applebench/runs/2026-09-03T2248…
grading 00:49:00 ok · /usr/bin/xcrun xcresulttool get test-results summary --path /Users/afterxleep/Developer/applebench-harness/.a…
grading 00:49:00 FAIL xcuitest
grading 00:49:04 !! reaped a stray simulator
  FAIL · 48s
→ widget-001 · opencode
agent   00:49:04 agent started
agent   00:49:04 !! Agent sealed: reference solutions, task files and other runs are unreadable.
agent   00:49:04 $ /usr/bin/sandbox-exec -f /Users/afterxleep/Developer/applebench-harness/.applebench/runs/2026-09-03T224904-widget-001-opencode/agent.sb ope…
agent   00:49:05 exit 1 · /usr/bin/sandbox-exec -f /Users/afterxleep/Developer/applebench-harness/.applebench/runs/2026-09-03T224904-wi…
harness 00:49:05 agent finished · failed
grading 00:49:05 grading: build
grading 00:49:05 $ /usr/bin/xcodebuild -project WidgetTimelineFixture.xcodeproj -scheme WidgetTimelineFixture -destination platform=iOS Simulator,id=CEC8F074-…
grading 00:49:12 ok · /usr/bin/xcodebuild -project WidgetTimelineFixture.xcodeproj -scheme WidgetTimelineFixture -destination platf…
grading 00:49:12 PASS build
grading 00:49:12 grading: xctest
grading 00:49:12 $ /usr/bin/xcodebuild -project WidgetTimelineFixture.xcodeproj -scheme WidgetTimelineFixture -destination platform=iOS Simulator,id=CEC8F074-…
grading 00:49:21 exit 65 · /usr/bin/xcodebuild -project WidgetTimelineFixture.xcodeproj -scheme WidgetTimelineFixture -destination platf…
grading 00:49:21 $ /usr/bin/xcrun xcresulttool get test-results summary --path /Users/afterxleep/Developer/applebench-harness/.applebench/runs/2026-09-03T2249…
grading 00:49:21 ok · /usr/bin/xcrun xcresulttool get test-results summary --path /Users/afterxleep/Developer/applebench-harness/.a…
grading 00:49:21 FAIL xctest
grading 00:49:22 !! reaped a stray simulator
  FAIL · 17s
→ activitykit-001 · opencode
agent   00:49:22 agent started
agent   00:49:22 !! Agent sealed: reference solutions, task files and other runs are unreadable.
agent   00:49:22 $ /usr/bin/sandbox-exec -f /Users/afterxleep/Developer/applebench-harness/.applebench/runs/2026-09-03T224922-activitykit-001-opencode/agent.s…
agent   00:49:23 exit 1 · /usr/bin/sandbox-exec -f /Users/afterxleep/Developer/applebench-harness/.applebench/runs/2026-09-03T224922-ac…
harness 00:49:23 agent finished · failed
grading 00:49:23 grading: build
grading 00:49:23 $ /usr/bin/xcodebuild -project Activitykit001Fixture.xcodeproj -scheme Activitykit001Fixture -destination platform=iOS Simulator,id=EFB0D7E3-…
grading 00:49:29 ok · /usr/bin/xcodebuild -project Activitykit001Fixture.xcodeproj -scheme Activitykit001Fixture -destination platf…
grading 00:49:29 PASS build
grading 00:49:29 grading: xcodeproj
grading 00:49:29 $ /usr/bin/xcodebuild -project Activitykit001Fixture.xcodeproj -scheme Activitykit001Fixture -destination platform=iOS Simulator,id=EFB0D7E3-…
grading 00:49:30 ok · /usr/bin/xcodebuild -project Activitykit001Fixture.xcodeproj -scheme Activitykit001Fixture -destination platf…
grading 00:49:30 $ /usr/bin/xcodebuild -project Activitykit001Fixture.xcodeproj -scheme Activitykit001Fixture -destination platform=iOS Simulator,id=EFB0D7E3-…
grading 00:49:31 ok · /usr/bin/xcodebuild -project Activitykit001Fixture.xcodeproj -scheme Activitykit001Fixture -destination platf…
grading 00:49:31 FAIL xcodeproj
grading 00:49:31 grading: xctest
grading 00:49:31 $ /usr/bin/xcodebuild -project Activitykit001Fixture.xcodeproj -scheme Activitykit001Fixture -destination platform=iOS Simulator,id=EFB0D7E3-…
grading 00:49:50 exit 65 · /usr/bin/xcodebuild -project Activitykit001Fixture.xcodeproj -scheme Activitykit001Fixture -destination platf…
grading 00:49:51 $ /usr/bin/xcrun xcresulttool get test-results summary --path /Users/afterxleep/Developer/applebench-harness/.applebench/runs/2026-09-03T2249…
grading 00:49:51 ok · /usr/bin/xcrun xcresulttool get test-results summary --path /Users/afterxleep/Developer/applebench-harness/.a…
grading 00:49:51 FAIL xctest
grading 00:49:51 !! reaped a stray simulator
  FAIL · 29s
→ appintents-002 · opencode
agent   00:49:52 agent started
agent   00:49:52 !! Agent sealed: reference solutions, task files and other runs are unreadable.
agent   00:49:52 $ /usr/bin/sandbox-exec -f /Users/afterxleep/Developer/applebench-harness/.applebench/runs/2026-09-03T224952-appintents-002-opencode/agent.sb…
agent   00:49:52 exit 1 · /usr/bin/sandbox-exec -f /Users/afterxleep/Developer/applebench-harness/.applebench/runs/2026-09-03T224952-ap…
harness 00:49:52 agent finished · failed
grading 00:49:53 grading: build
grading 00:49:53 $ /usr/bin/xcodebuild -project Appintents002Fixture.xcodeproj -scheme Appintents002Fixture -destination platform=iOS Simulator,id=9E520FE3-05…
grading 00:49:58 ok · /usr/bin/xcodebuild -project Appintents002Fixture.xcodeproj -scheme Appintents002Fixture -destination platfor…
grading 00:49:58 PASS build
grading 00:49:58 grading: xctest
grading 00:49:58 $ /usr/bin/xcodebuild -project Appintents002Fixture.xcodeproj -scheme Appintents002Fixture -destination platform=iOS Simulator,id=9E520FE3-05…
grading 00:50:08 exit 65 · /usr/bin/xcodebuild -project Appintents002Fixture.xcodeproj -scheme Appintents002Fixture -destination platfor…
grading 00:50:08 $ /usr/bin/xcrun xcresulttool get test-results summary --path /Users/afterxleep/Developer/applebench-harness/.applebench/runs/2026-09-03T2249…
grading 00:50:08 ok · /usr/bin/xcrun xcresulttool get test-results summary --path /Users/afterxleep/Developer/applebench-harness/.a…
grading 00:50:08 FAIL xctest
grading 00:50:08 !! reaped a stray simulator
  FAIL · 17s
→ appintents-003 · opencode
agent   00:50:09 agent started
agent   00:50:09 !! Agent sealed: reference solutions, task files and other runs are unreadable.
agent   00:50:09 $ /usr/bin/sandbox-exec -f /Users/afterxleep/Developer/applebench-harness/.applebench/runs/2026-09-03T225009-appintents-003-opencode/agent.sb…
agent   00:50:09 exit 1 · /usr/bin/sandbox-exec -f /Users/afterxleep/Developer/applebench-harness/.applebench/runs/2026-09-03T225009-ap…
harness 00:50:09 agent finished · failed
grading 00:50:10 grading: build
grading 00:50:10 $ /usr/bin/xcodebuild -project Appintents003Fixture.xcodeproj -scheme Appintents003Fixture -destination platform=iOS Simulator,id=B4536609-86…
grading 00:50:15 ok · /usr/bin/xcodebuild -project Appintents003Fixture.xcodeproj -scheme Appintents003Fixture -destination platfor…
grading 00:50:15 PASS build
grading 00:50:15 grading: xctest
grading 00:50:15 $ /usr/bin/xcodebuild -project Appintents003Fixture.xcodeproj -scheme Appintents003Fixture -destination platform=iOS Simulator,id=B4536609-86…
grading 00:50:24 exit 65 · /usr/bin/xcodebuild -project Appintents003Fixture.xcodeproj -scheme Appintents003Fixture -destination platfor…
grading 00:50:24 $ /usr/bin/xcrun xcresulttool get test-results summary --path /Users/afterxleep/Developer/applebench-harness/.applebench/runs/2026-09-03T2250…
grading 00:50:24 ok · /usr/bin/xcrun xcresulttool get test-results summary --path /Users/afterxleep/Developer/applebench-harness/.a…
grading 00:50:24 FAIL xctest
grading 00:50:24 !! reaped a stray simulator
  FAIL · 16s
→ appintents-004 · opencode
agent   00:50:25 agent started
agent   00:50:25 !! Agent sealed: reference solutions, task files and other runs are unreadable.
agent   00:50:25 $ /usr/bin/sandbox-exec -f /Users/afterxleep/Developer/applebench-harness/.applebench/runs/2026-09-03T225025-appintents-004-opencode/agent.sb…
agent   00:50:25 exit 1 · /usr/bin/sandbox-exec -f /Users/afterxleep/Developer/applebench-harness/.applebench/runs/2026-09-03T225025-ap…
harness 00:50:26 agent finished · failed
grading 00:50:26 grading: build
grading 00:50:26 $ /usr/bin/xcodebuild -project Appintents004Fixture.xcodeproj -scheme Appintents004Fixture -destination platform=iOS Simulator,id=07FFA826-A6…
grading 00:50:31 ok · /usr/bin/xcodebuild -project Appintents004Fixture.xcodeproj -scheme Appintents004Fixture -destination platfor…
grading 00:50:31 PASS build
grading 00:50:31 grading: xctest
grading 00:50:31 $ /usr/bin/xcodebuild -project Appintents004Fixture.xcodeproj -scheme Appintents004Fixture -destination platform=iOS Simulator,id=07FFA826-A6…
grading 00:50:40 exit 65 · /usr/bin/xcodebuild -project Appintents004Fixture.xcodeproj -scheme Appintents004Fixture -destination platfor…
grading 00:50:40 $ /usr/bin/xcrun xcresulttool get test-results summary --path /Users/afterxleep/Developer/applebench-harness/.applebench/runs/2026-09-03T2250…
grading 00:50:40 ok · /usr/bin/xcrun xcresulttool get test-results summary --path /Users/afterxleep/Developer/applebench-harness/.a…
grading 00:50:40 FAIL xctest
grading 00:50:40 !! reaped a stray simulator
  FAIL · 15s
→ bg-001 · opencode
agent   00:50:41 agent started
agent   00:50:41 !! Agent sealed: reference solutions, task files and other runs are unreadable.
agent   00:50:41 $ /usr/bin/sandbox-exec -f /Users/afterxleep/Developer/applebench-harness/.applebench/runs/2026-09-03T225041-bg-001-opencode/agent.sb opencod…
agent   00:50:41 exit 1 · /usr/bin/sandbox-exec -f /Users/afterxleep/Developer/applebench-harness/.applebench/runs/2026-09-03T225041-bg…
harness 00:50:41 agent finished · failed
grading 00:50:42 grading: build
grading 00:50:42 $ /usr/bin/xcodebuild -project Bg001Fixture.xcodeproj -scheme Bg001Fixture -destination platform=iOS Simulator,id=7B2A2650-813C-4971-A294-ECC…
grading 00:50:46 ok · /usr/bin/xcodebuild -project Bg001Fixture.xcodeproj -scheme Bg001Fixture -destination platform=iOS Simulator,…
grading 00:50:46 PASS build
grading 00:50:46 grading: xctest
grading 00:50:46 $ /usr/bin/xcodebuild -project Bg001Fixture.xcodeproj -scheme Bg001Fixture -destination platform=iOS Simulator,id=7B2A2650-813C-4971-A294-ECC…
grading 00:50:56 exit 65 · /usr/bin/xcodebuild -project Bg001Fixture.xcodeproj -scheme Bg001Fixture -destination platform=iOS Simulator,…
grading 00:50:56 $ /usr/bin/xcrun xcresulttool get test-results summary --path /Users/afterxleep/Developer/applebench-harness/.applebench/runs/2026-09-03T2250…
grading 00:50:56 ok · /usr/bin/xcrun xcresulttool get test-results summary --path /Users/afterxleep/Developer/applebench-harness/.a…
grading 00:50:56 FAIL xctest
grading 00:50:56 !! reaped a stray simulator
  FAIL · 15s
→ bg-002 · opencode
agent   00:50:56 agent started
agent   00:50:56 !! Agent sealed: reference solutions, task files and other runs are unreadable.
agent   00:50:56 $ /usr/bin/sandbox-exec -f /Users/afterxleep/Developer/applebench-harness/.applebench/runs/2026-09-03T225056-bg-002-opencode/agent.sb opencod…
agent   00:50:57 exit 1 · /usr/bin/sandbox-exec -f /Users/afterxleep/Developer/applebench-harness/.applebench/runs/2026-09-03T225056-bg…
harness 00:50:57 agent finished · failed
grading 00:50:57 grading: build
grading 00:50:57 $ /usr/bin/xcodebuild -project Bg002Fixture.xcodeproj -scheme Bg002Fixture -destination platform=iOS Simulator,id=F0B41F6F-7A58-49F2-8760-682…
grading 00:51:02 ok · /usr/bin/xcodebuild -project Bg002Fixture.xcodeproj -scheme Bg002Fixture -destination platform=iOS Simulator,…
grading 00:51:02 PASS build
grading 00:51:02 grading: xctest
grading 00:51:02 $ /usr/bin/xcodebuild -project Bg002Fixture.xcodeproj -scheme Bg002Fixture -destination platform=iOS Simulator,id=F0B41F6F-7A58-49F2-8760-682…
grading 00:51:11 exit 65 · /usr/bin/xcodebuild -project Bg002Fixture.xcodeproj -scheme Bg002Fixture -destination platform=iOS Simulator,…
grading 00:51:11 $ /usr/bin/xcrun xcresulttool get test-results summary --path /Users/afterxleep/Developer/applebench-harness/.applebench/runs/2026-09-03T2250…
grading 00:51:11 ok · /usr/bin/xcrun xcresulttool get test-results summary --path /Users/afterxleep/Developer/applebench-harness/.a…
grading 00:51:11 FAIL xctest
grading 00:51:12 !! reaped a stray simulator
  FAIL · 15s
→ concurrency-001 · opencode
agent   00:51:12 agent started
agent   00:51:12 !! Agent sealed: reference solutions, task files and other runs are unreadable.
agent   00:51:12 $ /usr/bin/sandbox-exec -f /Users/afterxleep/Developer/applebench-harness/.applebench/runs/2026-09-03T225112-concurrency-001-opencode/agent.s…
agent   00:51:13 exit 1 · /usr/bin/sandbox-exec -f /Users/afterxleep/Developer/applebench-harness/.applebench/runs/2026-09-03T225112-co…
harness 00:51:13 agent finished · failed
grading 00:51:13 grading: build
grading 00:51:13 $ /usr/bin/xcodebuild -project Concurrency001Fixture.xcodeproj -scheme Concurrency001Fixture -destination platform=iOS Simulator,id=8C16413E-…
grading 00:51:18 ok · /usr/bin/xcodebuild -project Concurrency001Fixture.xcodeproj -scheme Concurrency001Fixture -destination platf…
grading 00:51:18 PASS build
grading 00:51:18 grading: xctest
grading 00:51:18 $ /usr/bin/xcodebuild -project Concurrency001Fixture.xcodeproj -scheme Concurrency001Fixture -destination platform=iOS Simulator,id=8C16413E-…
grading 00:51:27 exit 65 · /usr/bin/xcodebuild -project Concurrency001Fixture.xcodeproj -scheme Concurrency001Fixture -destination platf…
grading 00:51:27 $ /usr/bin/xcrun xcresulttool get test-results summary --path /Users/afterxleep/Developer/applebench-harness/.applebench/runs/2026-09-03T2251…
grading 00:51:27 ok · /usr/bin/xcrun xcresulttool get test-results summary --path /Users/afterxleep/Developer/applebench-harness/.a…
grading 00:51:27 FAIL xctest
grading 00:51:28 !! reaped a stray simulator
  FAIL · 15s
→ concurrency-002 · opencode
agent   00:51:28 agent started
agent   00:51:28 !! Agent sealed: reference solutions, task files and other runs are unreadable.
agent   00:51:28 $ /usr/bin/sandbox-exec -f /Users/afterxleep/Developer/applebench-harness/.applebench/runs/2026-09-03T225128-concurrency-002-opencode/agent.s…
agent   00:51:29 exit 1 · /usr/bin/sandbox-exec -f /Users/afterxleep/Developer/applebench-harness/.applebench/runs/2026-09-03T225128-co…
harness 00:51:29 agent finished · failed
grading 00:51:29 grading: build
grading 00:51:29 $ /usr/bin/xcodebuild -project Concurrency002Fixture.xcodeproj -scheme Concurrency002Fixture -destination platform=iOS Simulator,id=7B9DD61E-…
grading 00:51:34 ok · /usr/bin/xcodebuild -project Concurrency002Fixture.xcodeproj -scheme Concurrency002Fixture -destination platf…
grading 00:51:34 PASS build
grading 00:51:34 grading: xctest
grading 00:51:34 $ /usr/bin/xcodebuild -project Concurrency002Fixture.xcodeproj -scheme Concurrency002Fixture -destination platform=iOS Simulator,id=7B9DD61E-…
grading 00:51:44 exit 65 · /usr/bin/xcodebuild -project Concurrency002Fixture.xcodeproj -scheme Concurrency002Fixture -destination platf…
grading 00:51:44 $ /usr/bin/xcrun xcresulttool get test-results summary --path /Users/afterxleep/Developer/applebench-harness/.applebench/runs/2026-09-03T2251…
grading 00:51:44 ok · /usr/bin/xcrun xcresulttool get test-results summary --path /Users/afterxleep/Developer/applebench-harness/.a…
grading 00:51:44 FAIL xctest
grading 00:51:45 !! reaped a stray simulator
  FAIL · 16s
→ concurrency-003 · opencode
agent   00:51:45 agent started
agent   00:51:45 !! Agent sealed: reference solutions, task files and other runs are unreadable.
agent   00:51:45 $ /usr/bin/sandbox-exec -f /Users/afterxleep/Developer/applebench-harness/.applebench/runs/2026-09-03T225145-concurrency-003-opencode/agent.s…
agent   00:51:45 exit 1 · /usr/bin/sandbox-exec -f /Users/afterxleep/Developer/applebench-harness/.applebench/runs/2026-09-03T225145-co…
harness 00:51:46 agent finished · failed
grading 00:51:46 grading: build
grading 00:51:46 $ /usr/bin/xcodebuild -project Concurrency003Fixture.xcodeproj -scheme Concurrency003Fixture -destination platform=iOS Simulator,id=F5621F97-…
grading 00:51:51 ok · /usr/bin/xcodebuild -project Concurrency003Fixture.xcodeproj -scheme Concurrency003Fixture -destination platf…
grading 00:51:51 PASS build
grading 00:51:51 grading: xctest
grading 00:51:51 $ /usr/bin/xcodebuild -project Concurrency003Fixture.xcodeproj -scheme Concurrency003Fixture -destination platform=iOS Simulator,id=F5621F97-…
grading 00:52:00 exit 65 · /usr/bin/xcodebuild -project Concurrency003Fixture.xcodeproj -scheme Concurrency003Fixture -destination platf…
grading 00:52:00 $ /usr/bin/xcrun xcresulttool get test-results summary --path /Users/afterxleep/Developer/applebench-harness/.applebench/runs/2026-09-03T2251…
grading 00:52:00 ok · /usr/bin/xcrun xcresulttool get test-results summary --path /Users/afterxleep/Developer/applebench-harness/.a…
grading 00:52:00 FAIL xctest
grading 00:52:00 !! reaped a stray simulator
  FAIL · 15s
→ concurrency-004 · opencode
agent   00:52:01 agent started
agent   00:52:01 !! Agent sealed: reference solutions, task files and other runs are unreadable.
agent   00:52:01 $ /usr/bin/sandbox-exec -f /Users/afterxleep/Developer/applebench-harness/.applebench/runs/2026-09-03T225201-concurrency-004-opencode/agent.s…
agent   00:52:01 exit 1 · /usr/bin/sandbox-exec -f /Users/afterxleep/Developer/applebench-harness/.applebench/runs/2026-09-03T225201-co…
harness 00:52:01 agent finished · failed
grading 00:52:02 grading: build
grading 00:52:02 $ /usr/bin/xcodebuild -project Concurrency004Fixture.xcodeproj -scheme Concurrency004Fixture -destination platform=iOS Simulator,id=00DC166F-…
grading 00:52:07 ok · /usr/bin/xcodebuild -project Concurrency004Fixture.xcodeproj -scheme Concurrency004Fixture -destination platf…
grading 00:52:07 PASS build
grading 00:52:07 grading: xctest
grading 00:52:07 $ /usr/bin/xcodebuild -project Concurrency004Fixture.xcodeproj -scheme Concurrency004Fixture -destination platform=iOS Simulator,id=00DC166F-…
grading 00:52:16 exit 65 · /usr/bin/xcodebuild -project Concurrency004Fixture.xcodeproj -scheme Concurrency004Fixture -destination platf…
grading 00:52:16 $ /usr/bin/xcrun xcresulttool get test-results summary --path /Users/afterxleep/Developer/applebench-harness/.applebench/runs/2026-09-03T2252…
grading 00:52:16 ok · /usr/bin/xcrun xcresulttool get test-results summary --path /Users/afterxleep/Developer/applebench-harness/.a…
grading 00:52:16 FAIL xctest
grading 00:52:17 !! reaped a stray simulator
  FAIL · 16s
→ concurrency-005 · opencode
agent   00:52:17 agent started
agent   00:52:17 !! Agent sealed: reference solutions, task files and other runs are unreadable.
agent   00:52:17 $ /usr/bin/sandbox-exec -f /Users/afterxleep/Developer/applebench-harness/.applebench/runs/2026-09-03T225217-concurrency-005-opencode/agent.s…
agent   00:52:17 exit 1 · /usr/bin/sandbox-exec -f /Users/afterxleep/Developer/applebench-harness/.applebench/runs/2026-09-03T225217-co…
harness 00:52:18 agent finished · failed
grading 00:52:18 grading: build
grading 00:52:18 $ /usr/bin/xcodebuild -project Concurrency005Fixture.xcodeproj -scheme Concurrency005Fixture -destination platform=iOS Simulator,id=43D2F2BC-…
grading 00:52:23 ok · /usr/bin/xcodebuild -project Concurrency005Fixture.xcodeproj -scheme Concurrency005Fixture -destination platf…
grading 00:52:23 PASS build
grading 00:52:23 grading: xctest
grading 00:52:23 $ /usr/bin/xcodebuild -project Concurrency005Fixture.xcodeproj -scheme Concurrency005Fixture -destination platform=iOS Simulator,id=43D2F2BC-…
grading 00:52:32 exit 65 · /usr/bin/xcodebuild -project Concurrency005Fixture.xcodeproj -scheme Concurrency005Fixture -destination platf…
grading 00:52:32 $ /usr/bin/xcrun xcresulttool get test-results summary --path /Users/afterxleep/Developer/applebench-harness/.applebench/runs/2026-09-03T2252…
grading 00:52:32 ok · /usr/bin/xcrun xcresulttool get test-results summary --path /Users/afterxleep/Developer/applebench-harness/.a…
grading 00:52:32 FAIL xctest
grading 00:52:32 !! reaped a stray simulator
  FAIL · 15s
→ concurrency-006 · opencode
agent   00:52:33 agent started
agent   00:52:33 !! Agent sealed: reference solutions, task files and other runs are unreadable.
agent   00:52:33 $ /usr/bin/sandbox-exec -f /Users/afterxleep/Developer/applebench-harness/.applebench/runs/2026-09-03T225233-concurrency-006-opencode/agent.s…
agent   00:52:33 exit 1 · /usr/bin/sandbox-exec -f /Users/afterxleep/Developer/applebench-harness/.applebench/runs/2026-09-03T225233-co…
harness 00:52:33 agent finished · failed
grading 00:52:34 grading: build
grading 00:52:34 $ /usr/bin/xcodebuild -project Concurrency006Fixture.xcodeproj -scheme Concurrency006Fixture -destination platform=iOS Simulator,id=73F821ED-…
grading 00:52:38 exit 65 · /usr/bin/xcodebuild -project Concurrency006Fixture.xcodeproj -scheme Concurrency006Fixture -destination platf…
grading 00:52:38 FAIL build
grading 00:52:38 grading: xctest
grading 00:52:38 $ /usr/bin/xcodebuild -project Concurrency006Fixture.xcodeproj -scheme Concurrency006Fixture -destination platform=iOS Simulator,id=73F821ED-…
grading 00:52:39 exit 65 · /usr/bin/xcodebuild -project Concurrency006Fixture.xcodeproj -scheme Concurrency006Fixture -destination platf…
grading 00:52:39 $ /usr/bin/xcrun xcresulttool get test-results summary --path /Users/afterxleep/Developer/applebench-harness/.applebench/runs/2026-09-03T2252…
grading 00:52:39 ok · /usr/bin/xcrun xcresulttool get test-results summary --path /Users/afterxleep/Developer/applebench-harness/.a…
grading 00:52:39 FAIL xctest
grading 00:52:40 !! reaped a stray simulator
  FAIL · 7s
→ concurrency-007 · opencode
agent   00:52:40 agent started
agent   00:52:40 !! Agent sealed: reference solutions, task files and other runs are unreadable.
agent   00:52:40 $ /usr/bin/sandbox-exec -f /Users/afterxleep/Developer/applebench-harness/.applebench/runs/2026-09-03T225240-concurrency-007-opencode/agent.s…
agent   00:52:40 exit 1 · /usr/bin/sandbox-exec -f /Users/afterxleep/Developer/applebench-harness/.applebench/runs/2026-09-03T225240-co…
harness 00:52:41 agent finished · failed
grading 00:52:41 grading: build
grading 00:52:41 $ /usr/bin/xcodebuild -project Concurrency007Fixture.xcodeproj -scheme Concurrency007Fixture -destination platform=iOS Simulator,id=492AD8FE-…
grading 00:52:46 ok · /usr/bin/xcodebuild -project Concurrency007Fixture.xcodeproj -scheme Concurrency007Fixture -destination platf…
grading 00:52:46 PASS build
grading 00:52:46 grading: xctest
grading 00:52:46 $ /usr/bin/xcodebuild -project Concurrency007Fixture.xcodeproj -scheme Concurrency007Fixture -destination platform=iOS Simulator,id=492AD8FE-…
grading 00:52:55 exit 65 · /usr/bin/xcodebuild -project Concurrency007Fixture.xcodeproj -scheme Concurrency007Fixture -destination platf…
grading 00:52:55 $ /usr/bin/xcrun xcresulttool get test-results summary --path /Users/afterxleep/Developer/applebench-harness/.applebench/runs/2026-09-03T2252…
grading 00:52:55 ok · /usr/bin/xcrun xcresulttool get test-results summary --path /Users/afterxleep/Developer/applebench-harness/.a…
grading 00:52:55 FAIL xctest
grading 00:52:55 !! reaped a stray simulator
  FAIL · 15s
→ concurrency-008 · opencode
agent   00:52:56 agent started
agent   00:52:56 !! Agent sealed: reference solutions, task files and other runs are unreadable.
agent   00:52:56 $ /usr/bin/sandbox-exec -f /Users/afterxleep/Developer/applebench-harness/.applebench/runs/2026-09-03T225256-concurrency-008-opencode/agent.s…
agent   00:52:56 exit 1 · /usr/bin/sandbox-exec -f /Users/afterxleep/Developer/applebench-harness/.applebench/runs/2026-09-03T225256-co…
harness 00:52:56 agent finished · failed
grading 00:53:14 grading: build
grading 00:53:14 $ /usr/bin/xcodebuild -project ConcurrencyCancellationFixture.xcodeproj -scheme ConcurrencyCancellationFixture -destination platform=iOS Simu…
grading 00:53:22 ok · /usr/bin/xcodebuild -project ConcurrencyCancellationFixture.xcodeproj -scheme ConcurrencyCancellationFixture …
grading 00:53:22 PASS build
grading 00:53:22 grading: xctest
grading 00:53:22 $ /usr/bin/xcodebuild -project ConcurrencyCancellationFixture.xcodeproj -scheme ConcurrencyCancellationFixture -destination platform=iOS Simu…
grading 00:53:27 exit 65 · /usr/bin/xcodebuild -project ConcurrencyCancellationFixture.xcodeproj -scheme ConcurrencyCancellationFixture …
grading 00:53:27 $ /usr/bin/xcrun xcresulttool get test-results summary --path /Users/afterxleep/Developer/applebench-harness/.applebench/runs/2026-09-03T2252…
grading 00:53:27 ok · /usr/bin/xcrun xcresulttool get test-results summary --path /Users/afterxleep/Developer/applebench-harness/.a…
grading 00:53:27 FAIL xctest
grading 00:53:27 grading: runtime
grading 00:53:27 $ /usr/bin/xcodebuild -project ConcurrencyCancellationFixture.xcodeproj -scheme ConcurrencyCancellationFixture -destination platform=iOS Simu…
grading 00:53:29 ok · /usr/bin/xcodebuild -project ConcurrencyCancellationFixture.xcodeproj -scheme ConcurrencyCancellationFixture …
grading 00:53:36 PASS runtime
grading 00:53:40 !! reaped a stray simulator
  FAIL · 41s
→ coredata-003 · opencode
agent   00:53:40 agent started
agent   00:53:40 !! Agent sealed: reference solutions, task files and other runs are unreadable.
agent   00:53:40 $ /usr/bin/sandbox-exec -f /Users/afterxleep/Developer/applebench-harness/.applebench/runs/2026-09-03T225340-coredata-003-opencode/agent.sb o…
agent   00:53:41 exit 1 · /usr/bin/sandbox-exec -f /Users/afterxleep/Developer/applebench-harness/.applebench/runs/2026-09-03T225340-co…
harness 00:53:41 agent finished · failed
grading 00:53:42 grading: build
grading 00:53:42 $ /usr/bin/xcodebuild -project Coredata003Fixture.xcodeproj -scheme Coredata003Fixture -destination platform=iOS Simulator,id=C5871BAA-E240-4…
grading 00:53:48 ok · /usr/bin/xcodebuild -project Coredata003Fixture.xcodeproj -scheme Coredata003Fixture -destination platform=iO…
grading 00:53:48 PASS build
grading 00:53:48 grading: xctest
grading 00:53:48 $ /usr/bin/xcodebuild -project Coredata003Fixture.xcodeproj -scheme Coredata003Fixture -destination platform=iOS Simulator,id=C5871BAA-E240-4…
grading 00:53:57 exit 65 · /usr/bin/xcodebuild -project Coredata003Fixture.xcodeproj -scheme Coredata003Fixture -destination platform=iO…
grading 00:53:57 $ /usr/bin/xcrun xcresulttool get test-results summary --path /Users/afterxleep/Developer/applebench-harness/.applebench/runs/2026-09-03T2253…
grading 00:53:58 ok · /usr/bin/xcrun xcresulttool get test-results summary --path /Users/afterxleep/Developer/applebench-harness/.a…
grading 00:53:58 FAIL xctest
grading 00:53:58 !! reaped a stray simulator
  FAIL · 17s
→ coredata-004 · opencode
agent   00:53:58 agent started
agent   00:53:58 !! Agent sealed: reference solutions, task files and other runs are unreadable.
agent   00:53:58 $ /usr/bin/sandbox-exec -f /Users/afterxleep/Developer/applebench-harness/.applebench/runs/2026-09-03T225358-coredata-004-opencode/agent.sb o…
agent   00:53:59 exit 1 · /usr/bin/sandbox-exec -f /Users/afterxleep/Developer/applebench-harness/.applebench/runs/2026-09-03T225358-co…
harness 00:53:59 agent finished · failed
grading 00:53:59 grading: build
grading 00:53:59 $ /usr/bin/xcodebuild -project Coredata004Fixture.xcodeproj -scheme Coredata004Fixture -destination platform=iOS Simulator,id=A991F4F4-2C69-4…
grading 00:54:05 ok · /usr/bin/xcodebuild -project Coredata004Fixture.xcodeproj -scheme Coredata004Fixture -destination platform=iO…
grading 00:54:05 PASS build
grading 00:54:05 grading: xctest
grading 00:54:05 $ /usr/bin/xcodebuild -project Coredata004Fixture.xcodeproj -scheme Coredata004Fixture -destination platform=iOS Simulator,id=A991F4F4-2C69-4…
grading 00:54:15 exit 65 · /usr/bin/xcodebuild -project Coredata004Fixture.xcodeproj -scheme Coredata004Fixture -destination platform=iO…
grading 00:54:15 $ /usr/bin/xcrun xcresulttool get test-results summary --path /Users/afterxleep/Developer/applebench-harness/.applebench/runs/2026-09-03T2253…
grading 00:54:15 ok · /usr/bin/xcrun xcresulttool get test-results summary --path /Users/afterxleep/Developer/applebench-harness/.a…
grading 00:54:15 FAIL xctest
grading 00:54:15 !! reaped a stray simulator
  FAIL · 17s
→ coredata-005 · opencode
agent   00:54:16 agent started
agent   00:54:16 !! Agent sealed: reference solutions, task files and other runs are unreadable.
agent   00:54:16 $ /usr/bin/sandbox-exec -f /Users/afterxleep/Developer/applebench-harness/.applebench/runs/2026-09-03T225416-coredata-005-opencode/agent.sb o…
agent   00:54:16 exit 1 · /usr/bin/sandbox-exec -f /Users/afterxleep/Developer/applebench-harness/.applebench/runs/2026-09-03T225416-co…
harness 00:54:16 agent finished · failed
grading 00:54:17 grading: build
grading 00:54:17 $ /usr/bin/xcodebuild -project Coredata005Fixture.xcodeproj -scheme Coredata005Fixture -destination platform=iOS Simulator,id=04DF1DCF-B6AC-4…
grading 00:54:22 ok · /usr/bin/xcodebuild -project Coredata005Fixture.xcodeproj -scheme Coredata005Fixture -destination platform=iO…
grading 00:54:22 PASS build
grading 00:54:22 grading: xctest
grading 00:54:22 $ /usr/bin/xcodebuild -project Coredata005Fixture.xcodeproj -scheme Coredata005Fixture -destination platform=iOS Simulator,id=04DF1DCF-B6AC-4…
grading 00:54:33 exit 65 · /usr/bin/xcodebuild -project Coredata005Fixture.xcodeproj -scheme Coredata005Fixture -destination platform=iO…
grading 00:54:33 $ /usr/bin/xcrun xcresulttool get test-results summary --path /Users/afterxleep/Developer/applebench-harness/.applebench/runs/2026-09-03T2254…
grading 00:54:34 ok · /usr/bin/xcrun xcresulttool get test-results summary --path /Users/afterxleep/Developer/applebench-harness/.a…
grading 00:54:34 FAIL xctest
grading 00:54:34 !! reaped a stray simulator
  FAIL · 18s
→ coredata-006 · opencode
agent   00:54:34 agent started
agent   00:54:34 !! Agent sealed: reference solutions, task files and other runs are unreadable.
agent   00:54:34 $ /usr/bin/sandbox-exec -f /Users/afterxleep/Developer/applebench-harness/.applebench/runs/2026-09-03T225434-coredata-006-opencode/agent.sb o…
agent   00:54:35 exit 1 · /usr/bin/sandbox-exec -f /Users/afterxleep/Developer/applebench-harness/.applebench/runs/2026-09-03T225434-co…
harness 00:54:35 agent finished · failed
grading 00:54:35 grading: build
grading 00:54:35 $ /usr/bin/xcodebuild -project Coredata006Fixture.xcodeproj -scheme Coredata006Fixture -destination platform=iOS Simulator,id=971A0D36-0E59-4…
grading 00:54:40 ok · /usr/bin/xcodebuild -project Coredata006Fixture.xcodeproj -scheme Coredata006Fixture -destination platform=iO…
grading 00:54:40 PASS build
grading 00:54:40 grading: xctest
grading 00:54:40 $ /usr/bin/xcodebuild -project Coredata006Fixture.xcodeproj -scheme Coredata006Fixture -destination platform=iOS Simulator,id=971A0D36-0E59-4…
grading 00:54:49 exit 65 · /usr/bin/xcodebuild -project Coredata006Fixture.xcodeproj -scheme Coredata006Fixture -destination platform=iO…
grading 00:54:49 $ /usr/bin/xcrun xcresulttool get test-results summary --path /Users/afterxleep/Developer/applebench-harness/.applebench/runs/2026-09-03T2254…
grading 00:54:49 ok · /usr/bin/xcrun xcresulttool get test-results summary --path /Users/afterxleep/Developer/applebench-harness/.a…
grading 00:54:49 FAIL xctest
grading 00:54:50 !! reaped a stray simulator
  FAIL · 15s
→ coredata-007 · opencode
agent   00:54:50 agent started
agent   00:54:50 !! Agent sealed: reference solutions, task files and other runs are unreadable.
agent   00:54:50 $ /usr/bin/sandbox-exec -f /Users/afterxleep/Developer/applebench-harness/.applebench/runs/2026-09-03T225450-coredata-007-opencode/agent.sb o…
agent   00:54:51 exit 1 · /usr/bin/sandbox-exec -f /Users/afterxleep/Developer/applebench-harness/.applebench/runs/2026-09-03T225450-co…
harness 00:54:51 agent finished · failed
grading 00:54:51 grading: build
grading 00:54:51 $ /usr/bin/xcodebuild -project Coredata007Fixture.xcodeproj -scheme Coredata007Fixture -destination platform=iOS Simulator,id=B3834388-36A8-4…
grading 00:54:56 ok · /usr/bin/xcodebuild -project Coredata007Fixture.xcodeproj -scheme Coredata007Fixture -destination platform=iO…
grading 00:54:56 PASS build
grading 00:54:56 grading: xctest
grading 00:54:56 $ /usr/bin/xcodebuild -project Coredata007Fixture.xcodeproj -scheme Coredata007Fixture -destination platform=iOS Simulator,id=B3834388-36A8-4…
grading 00:55:05 exit 65 · /usr/bin/xcodebuild -project Coredata007Fixture.xcodeproj -scheme Coredata007Fixture -destination platform=iO…
grading 00:55:05 $ /usr/bin/xcrun xcresulttool get test-results summary --path /Users/afterxleep/Developer/applebench-harness/.applebench/runs/2026-09-03T2254…
grading 00:55:05 ok · /usr/bin/xcrun xcresulttool get test-results summary --path /Users/afterxleep/Developer/applebench-harness/.a…
grading 00:55:05 FAIL xctest
grading 00:55:06 !! reaped a stray simulator
  FAIL · 15s
→ coredata-008 · opencode
agent   00:55:06 agent started
agent   00:55:06 !! Agent sealed: reference solutions, task files and other runs are unreadable.
agent   00:55:06 $ /usr/bin/sandbox-exec -f /Users/afterxleep/Developer/applebench-harness/.applebench/runs/2026-09-03T225506-coredata-008-opencode/agent.sb o…
agent   00:55:07 exit 1 · /usr/bin/sandbox-exec -f /Users/afterxleep/Developer/applebench-harness/.applebench/runs/2026-09-03T225506-co…
harness 00:55:07 agent finished · failed
grading 00:55:07 grading: build
grading 00:55:07 $ /usr/bin/xcodebuild -project Coredata008Fixture.xcodeproj -scheme Coredata008Fixture -destination platform=iOS Simulator,id=326F1C2E-EBB9-4…
grading 00:55:12 ok · /usr/bin/xcodebuild -project Coredata008Fixture.xcodeproj -scheme Coredata008Fixture -destination platform=iO…
grading 00:55:12 PASS build
grading 00:55:12 grading: xctest
grading 00:55:12 $ /usr/bin/xcodebuild -project Coredata008Fixture.xcodeproj -scheme Coredata008Fixture -destination platform=iOS Simulator,id=326F1C2E-EBB9-4…
grading 00:55:21 exit 65 · /usr/bin/xcodebuild -project Coredata008Fixture.xcodeproj -scheme Coredata008Fixture -destination platform=iO…
grading 00:55:21 $ /usr/bin/xcrun xcresulttool get test-results summary --path /Users/afterxleep/Developer/applebench-harness/.applebench/runs/2026-09-03T2255…
grading 00:55:21 ok · /usr/bin/xcrun xcresulttool get test-results summary --path /Users/afterxleep/Developer/applebench-harness/.a…
grading 00:55:21 FAIL xctest
grading 00:55:22 !! reaped a stray simulator
  FAIL · 15s
→ coredata-009 · opencode
agent   00:55:22 agent started
agent   00:55:22 !! Agent sealed: reference solutions, task files and other runs are unreadable.
agent   00:55:22 $ /usr/bin/sandbox-exec -f /Users/afterxleep/Developer/applebench-harness/.applebench/runs/2026-09-03T225522-coredata-009-opencode/agent.sb o…
agent   00:55:23 exit 1 · /usr/bin/sandbox-exec -f /Users/afterxleep/Developer/applebench-harness/.applebench/runs/2026-09-03T225522-co…
harness 00:55:23 agent finished · failed
grading 00:55:23 grading: build
grading 00:55:23 $ /usr/bin/xcodebuild -project Coredata009Fixture.xcodeproj -scheme Coredata009Fixture -destination platform=iOS Simulator,id=1FAF73A0-E42E-4…
grading 00:55:28 ok · /usr/bin/xcodebuild -project Coredata009Fixture.xcodeproj -scheme Coredata009Fixture -destination platform=iO…
grading 00:55:28 PASS build
grading 00:55:28 grading: xctest
grading 00:55:28 $ /usr/bin/xcodebuild -project Coredata009Fixture.xcodeproj -scheme Coredata009Fixture -destination platform=iOS Simulator,id=1FAF73A0-E42E-4…
grading 00:55:37 exit 65 · /usr/bin/xcodebuild -project Coredata009Fixture.xcodeproj -scheme Coredata009Fixture -destination platform=iO…
grading 00:55:37 $ /usr/bin/xcrun xcresulttool get test-results summary --path /Users/afterxleep/Developer/applebench-harness/.applebench/runs/2026-09-03T2255…
grading 00:55:37 ok · /usr/bin/xcrun xcresulttool get test-results summary --path /Users/afterxleep/Developer/applebench-harness/.a…
grading 00:55:37 FAIL xctest
grading 00:55:37 !! reaped a stray simulator
  FAIL · 15s
→ coredata-010 · opencode
agent   00:55:38 agent started
agent   00:55:38 !! Agent sealed: reference solutions, task files and other runs are unreadable.
agent   00:55:38 $ /usr/bin/sandbox-exec -f /Users/afterxleep/Developer/applebench-harness/.applebench/runs/2026-09-03T225538-coredata-010-opencode/agent.sb o…
agent   00:55:38 exit 1 · /usr/bin/sandbox-exec -f /Users/afterxleep/Developer/applebench-harness/.applebench/runs/2026-09-03T225538-co…
harness 00:55:38 agent finished · failed
grading 00:55:39 grading: build
grading 00:55:39 $ /usr/bin/xcodebuild -project Coredata010Fixture.xcodeproj -scheme Coredata010Fixture -destination platform=iOS Simulator,id=4F2CB626-6A11-4…
grading 00:55:43 ok · /usr/bin/xcodebuild -project Coredata010Fixture.xcodeproj -scheme Coredata010Fixture -destination platform=iO…
grading 00:55:43 PASS build
grading 00:55:43 grading: xctest
grading 00:55:43 $ /usr/bin/xcodebuild -project Coredata010Fixture.xcodeproj -scheme Coredata010Fixture -destination platform=iOS Simulator,id=4F2CB626-6A11-4…
grading 00:55:53 exit 65 · /usr/bin/xcodebuild -project Coredata010Fixture.xcodeproj -scheme Coredata010Fixture -destination platform=iO…
grading 00:55:53 $ /usr/bin/xcrun xcresulttool get test-results summary --path /Users/afterxleep/Developer/applebench-harness/.applebench/runs/2026-09-03T2255…
grading 00:55:53 ok · /usr/bin/xcrun xcresulttool get test-results summary --path /Users/afterxleep/Developer/applebench-harness/.a…
grading 00:55:53 FAIL xctest
grading 00:55:53 !! reaped a stray simulator
  FAIL · 15s
→ healthkit-001 · opencode
agent   00:55:54 agent started
agent   00:55:54 !! Agent sealed: reference solutions, task files and other runs are unreadable.
agent   00:55:54 $ /usr/bin/sandbox-exec -f /Users/afterxleep/Developer/applebench-harness/.applebench/runs/2026-09-03T225554-healthkit-001-opencode/agent.sb …
agent   00:55:54 exit 1 · /usr/bin/sandbox-exec -f /Users/afterxleep/Developer/applebench-harness/.applebench/runs/2026-09-03T225554-he…
harness 00:55:54 agent finished · failed
grading 00:55:55 grading: build
grading 00:55:55 $ /usr/bin/xcodebuild -project Healthkit001Fixture.xcodeproj -scheme Healthkit001Fixture -destination platform=iOS Simulator,id=9ACAFC99-76E4…
grading 00:55:59 ok · /usr/bin/xcodebuild -project Healthkit001Fixture.xcodeproj -scheme Healthkit001Fixture -destination platform=…
grading 00:55:59 PASS build
grading 00:55:59 grading: xcodeproj
grading 00:55:59 $ /usr/bin/xcodebuild -project Healthkit001Fixture.xcodeproj -scheme Healthkit001Fixture -destination platform=iOS Simulator,id=9ACAFC99-76E4…
grading 00:56:00 ok · /usr/bin/xcodebuild -project Healthkit001Fixture.xcodeproj -scheme Healthkit001Fixture -destination platform=…
grading 00:56:00 $ /usr/bin/xcodebuild -project Healthkit001Fixture.xcodeproj -scheme Healthkit001Fixture -destination platform=iOS Simulator,id=9ACAFC99-76E4…
grading 00:56:01 ok · /usr/bin/xcodebuild -project Healthkit001Fixture.xcodeproj -scheme Healthkit001Fixture -destination platform=…
grading 00:56:01 FAIL xcodeproj
grading 00:56:01 grading: xctest
grading 00:56:01 $ /usr/bin/xcodebuild -project Healthkit001Fixture.xcodeproj -scheme Healthkit001Fixture -destination platform=iOS Simulator,id=9ACAFC99-76E4…
grading 00:56:10 exit 65 · /usr/bin/xcodebuild -project Healthkit001Fixture.xcodeproj -scheme Healthkit001Fixture -destination platform=…
grading 00:56:10 $ /usr/bin/xcrun xcresulttool get test-results summary --path /Users/afterxleep/Developer/applebench-harness/.applebench/runs/2026-09-03T2255…
grading 00:56:10 ok · /usr/bin/xcrun xcresulttool get test-results summary --path /Users/afterxleep/Developer/applebench-harness/.a…
grading 00:56:10 FAIL xctest
grading 00:56:10 !! reaped a stray simulator
  FAIL · 17s
→ mapkit-001 · opencode
agent   00:56:11 agent started
agent   00:56:11 !! Agent sealed: reference solutions, task files and other runs are unreadable.
agent   00:56:11 $ /usr/bin/sandbox-exec -f /Users/afterxleep/Developer/applebench-harness/.applebench/runs/2026-09-03T225611-mapkit-001-opencode/agent.sb ope…
agent   00:56:11 exit 1 · /usr/bin/sandbox-exec -f /Users/afterxleep/Developer/applebench-harness/.applebench/runs/2026-09-03T225611-ma…
harness 00:56:12 agent finished · failed
grading 00:56:12 grading: build
grading 00:56:12 $ /usr/bin/xcodebuild -project Mapkit001Fixture.xcodeproj -scheme Mapkit001Fixture -destination platform=iOS Simulator,id=A5AD62FD-0A31-40C0-…
grading 00:56:16 ok · /usr/bin/xcodebuild -project Mapkit001Fixture.xcodeproj -scheme Mapkit001Fixture -destination platform=iOS Si…
grading 00:56:16 PASS build
grading 00:56:16 grading: xctest
grading 00:56:16 $ /usr/bin/xcodebuild -project Mapkit001Fixture.xcodeproj -scheme Mapkit001Fixture -destination platform=iOS Simulator,id=A5AD62FD-0A31-40C0-…
grading 00:56:26 exit 65 · /usr/bin/xcodebuild -project Mapkit001Fixture.xcodeproj -scheme Mapkit001Fixture -destination platform=iOS Si…
grading 00:56:26 $ /usr/bin/xcrun xcresulttool get test-results summary --path /Users/afterxleep/Developer/applebench-harness/.applebench/runs/2026-09-03T2256…
grading 00:56:26 ok · /usr/bin/xcrun xcresulttool get test-results summary --path /Users/afterxleep/Developer/applebench-harness/.a…
grading 00:56:26 FAIL xctest
grading 00:56:26 !! reaped a stray simulator
  FAIL · 15s
→ networking-001 · opencode
agent   00:56:26 agent started
agent   00:56:26 !! Agent sealed: reference solutions, task files and other runs are unreadable.
agent   00:56:26 $ /usr/bin/sandbox-exec -f /Users/afterxleep/Developer/applebench-harness/.applebench/runs/2026-09-03T225626-networking-001-opencode/agent.sb…
agent   00:56:27 exit 1 · /usr/bin/sandbox-exec -f /Users/afterxleep/Developer/applebench-harness/.applebench/runs/2026-09-03T225626-ne…
harness 00:56:27 agent finished · failed
grading 00:56:27 grading: build
grading 00:56:27 $ /usr/bin/xcodebuild -project Networking001Fixture.xcodeproj -scheme Networking001Fixture -destination platform=iOS Simulator,id=F35D9CD1-0F…
grading 00:56:32 ok · /usr/bin/xcodebuild -project Networking001Fixture.xcodeproj -scheme Networking001Fixture -destination platfor…
grading 00:56:32 PASS build
grading 00:56:32 grading: xctest
grading 00:56:32 $ /usr/bin/xcodebuild -project Networking001Fixture.xcodeproj -scheme Networking001Fixture -destination platform=iOS Simulator,id=F35D9CD1-0F…
grading 00:56:41 exit 65 · /usr/bin/xcodebuild -project Networking001Fixture.xcodeproj -scheme Networking001Fixture -destination platfor…
grading 00:56:41 $ /usr/bin/xcrun xcresulttool get test-results summary --path /Users/afterxleep/Developer/applebench-harness/.applebench/runs/2026-09-03T2256…
grading 00:56:42 ok · /usr/bin/xcrun xcresulttool get test-results summary --path /Users/afterxleep/Developer/applebench-harness/.a…
grading 00:56:42 FAIL xctest
grading 00:56:42 !! reaped a stray simulator
  FAIL · 15s
→ networking-002 · opencode
agent   00:56:42 agent started
agent   00:56:42 !! Agent sealed: reference solutions, task files and other runs are unreadable.
agent   00:56:42 $ /usr/bin/sandbox-exec -f /Users/afterxleep/Developer/applebench-harness/.applebench/runs/2026-09-03T225642-networking-002-opencode/agent.sb…
agent   00:56:43 exit 1 · /usr/bin/sandbox-exec -f /Users/afterxleep/Developer/applebench-harness/.applebench/runs/2026-09-03T225642-ne…
harness 00:56:43 agent finished · failed
grading 00:56:43 grading: build
grading 00:56:43 $ /usr/bin/xcodebuild -project Networking002Fixture.xcodeproj -scheme Networking002Fixture -destination platform=iOS Simulator,id=287C6291-98…
grading 00:56:48 ok · /usr/bin/xcodebuild -project Networking002Fixture.xcodeproj -scheme Networking002Fixture -destination platfor…
grading 00:56:48 PASS build
grading 00:56:48 grading: xctest
grading 00:56:48 $ /usr/bin/xcodebuild -project Networking002Fixture.xcodeproj -scheme Networking002Fixture -destination platform=iOS Simulator,id=287C6291-98…
grading 00:56:57 exit 65 · /usr/bin/xcodebuild -project Networking002Fixture.xcodeproj -scheme Networking002Fixture -destination platfor…
grading 00:56:57 $ /usr/bin/xcrun xcresulttool get test-results summary --path /Users/afterxleep/Developer/applebench-harness/.applebench/runs/2026-09-03T2256…
grading 00:56:57 ok · /usr/bin/xcrun xcresulttool get test-results summary --path /Users/afterxleep/Developer/applebench-harness/.a…
grading 00:56:57 FAIL xctest
grading 00:56:57 !! reaped a stray simulator
  FAIL · 15s
→ networking-003 · opencode
agent   00:56:58 agent started
agent   00:56:58 !! Agent sealed: reference solutions, task files and other runs are unreadable.
agent   00:56:58 $ /usr/bin/sandbox-exec -f /Users/afterxleep/Developer/applebench-harness/.applebench/runs/2026-09-03T225658-networking-003-opencode/agent.sb…
agent   00:56:58 exit 1 · /usr/bin/sandbox-exec -f /Users/afterxleep/Developer/applebench-harness/.applebench/runs/2026-09-03T225658-ne…
harness 00:56:58 agent finished · failed
grading 00:56:59 grading: build
grading 00:56:59 $ /usr/bin/xcodebuild -project Networking003Fixture.xcodeproj -scheme Networking003Fixture -destination platform=iOS Simulator,id=6CD9DE81-38…
grading 00:57:03 ok · /usr/bin/xcodebuild -project Networking003Fixture.xcodeproj -scheme Networking003Fixture -destination platfor…
grading 00:57:03 PASS build
grading 00:57:03 grading: xctest
grading 00:57:03 $ /usr/bin/xcodebuild -project Networking003Fixture.xcodeproj -scheme Networking003Fixture -destination platform=iOS Simulator,id=6CD9DE81-38…
grading 00:57:13 exit 65 · /usr/bin/xcodebuild -project Networking003Fixture.xcodeproj -scheme Networking003Fixture -destination platfor…
grading 00:57:13 $ /usr/bin/xcrun xcresulttool get test-results summary --path /Users/afterxleep/Developer/applebench-harness/.applebench/runs/2026-09-03T2256…
grading 00:57:13 ok · /usr/bin/xcrun xcresulttool get test-results summary --path /Users/afterxleep/Developer/applebench-harness/.a…
grading 00:57:13 FAIL xctest
grading 00:57:13 !! reaped a stray simulator
  FAIL · 15s
→ networking-004 · opencode
agent   00:57:14 agent started
agent   00:57:14 !! Agent sealed: reference solutions, task files and other runs are unreadable.
agent   00:57:14 $ /usr/bin/sandbox-exec -f /Users/afterxleep/Developer/applebench-harness/.applebench/runs/2026-09-03T225714-networking-004-opencode/agent.sb…
agent   00:57:14 exit 1 · /usr/bin/sandbox-exec -f /Users/afterxleep/Developer/applebench-harness/.applebench/runs/2026-09-03T225714-ne…
harness 00:57:14 agent finished · failed
grading 00:57:15 grading: build
grading 00:57:15 $ /usr/bin/xcodebuild -project Networking004Fixture.xcodeproj -scheme Networking004Fixture -destination platform=iOS Simulator,id=B1D72DF6-98…
grading 00:57:20 ok · /usr/bin/xcodebuild -project Networking004Fixture.xcodeproj -scheme Networking004Fixture -destination platfor…
grading 00:57:20 PASS build
grading 00:57:20 grading: xctest
grading 00:57:20 $ /usr/bin/xcodebuild -project Networking004Fixture.xcodeproj -scheme Networking004Fixture -destination platform=iOS Simulator,id=B1D72DF6-98…
grading 00:57:29 exit 65 · /usr/bin/xcodebuild -project Networking004Fixture.xcodeproj -scheme Networking004Fixture -destination platfor…
grading 00:57:29 $ /usr/bin/xcrun xcresulttool get test-results summary --path /Users/afterxleep/Developer/applebench-harness/.applebench/runs/2026-09-03T2257…
grading 00:57:29 ok · /usr/bin/xcrun xcresulttool get test-results summary --path /Users/afterxleep/Developer/applebench-harness/.a…
grading 00:57:29 FAIL xctest
grading 00:57:29 !! reaped a stray simulator
  FAIL · 15s
→ networking-005 · opencode
agent   00:57:29 agent started
agent   00:57:29 !! Agent sealed: reference solutions, task files and other runs are unreadable.
agent   00:57:29 $ /usr/bin/sandbox-exec -f /Users/afterxleep/Developer/applebench-harness/.applebench/runs/2026-09-03T225729-networking-005-opencode/agent.sb…
agent   00:57:30 exit 1 · /usr/bin/sandbox-exec -f /Users/afterxleep/Developer/applebench-harness/.applebench/runs/2026-09-03T225729-ne…
harness 00:57:30 agent finished · failed
grading 00:57:30 grading: build
grading 00:57:30 $ /usr/bin/xcodebuild -project Networking005Fixture.xcodeproj -scheme Networking005Fixture -destination platform=iOS Simulator,id=982901AD-5C…
grading 00:57:35 ok · /usr/bin/xcodebuild -project Networking005Fixture.xcodeproj -scheme Networking005Fixture -destination platfor…
grading 00:57:35 PASS build
grading 00:57:35 grading: xctest
grading 00:57:35 $ /usr/bin/xcodebuild -project Networking005Fixture.xcodeproj -scheme Networking005Fixture -destination platform=iOS Simulator,id=982901AD-5C…
grading 00:57:44 exit 65 · /usr/bin/xcodebuild -project Networking005Fixture.xcodeproj -scheme Networking005Fixture -destination platfor…
grading 00:57:44 $ /usr/bin/xcrun xcresulttool get test-results summary --path /Users/afterxleep/Developer/applebench-harness/.applebench/runs/2026-09-03T2257…
grading 00:57:44 ok · /usr/bin/xcrun xcresulttool get test-results summary --path /Users/afterxleep/Developer/applebench-harness/.a…
grading 00:57:44 FAIL xctest
grading 00:57:44 !! reaped a stray simulator
  FAIL · 15s
→ networking-006 · opencode
agent   00:57:45 agent started
agent   00:57:45 !! Agent sealed: reference solutions, task files and other runs are unreadable.
agent   00:57:45 $ /usr/bin/sandbox-exec -f /Users/afterxleep/Developer/applebench-harness/.applebench/runs/2026-09-03T225745-networking-006-opencode/agent.sb…
agent   00:57:45 exit 1 · /usr/bin/sandbox-exec -f /Users/afterxleep/Developer/applebench-harness/.applebench/runs/2026-09-03T225745-ne…
harness 00:57:46 agent finished · failed
grading 00:57:46 grading: build
grading 00:57:46 $ /usr/bin/xcodebuild -project Networking006Fixture.xcodeproj -scheme Networking006Fixture -destination platform=iOS Simulator,id=8A2BA3B8-50…
grading 00:57:51 ok · /usr/bin/xcodebuild -project Networking006Fixture.xcodeproj -scheme Networking006Fixture -destination platfor…
grading 00:57:51 PASS build
grading 00:57:51 grading: xctest
grading 00:57:51 $ /usr/bin/xcodebuild -project Networking006Fixture.xcodeproj -scheme Networking006Fixture -destination platform=iOS Simulator,id=8A2BA3B8-50…
grading 00:58:00 exit 65 · /usr/bin/xcodebuild -project Networking006Fixture.xcodeproj -scheme Networking006Fixture -destination platfor…
grading 00:58:00 $ /usr/bin/xcrun xcresulttool get test-results summary --path /Users/afterxleep/Developer/applebench-harness/.applebench/runs/2026-09-03T2257…
grading 00:58:00 ok · /usr/bin/xcrun xcresulttool get test-results summary --path /Users/afterxleep/Developer/applebench-harness/.a…
grading 00:58:00 FAIL xctest
grading 00:58:00 !! reaped a stray simulator
  FAIL · 15s
→ networking-007 · opencode
agent   00:58:01 agent started
agent   00:58:01 !! Agent sealed: reference solutions, task files and other runs are unreadable.
agent   00:58:01 $ /usr/bin/sandbox-exec -f /Users/afterxleep/Developer/applebench-harness/.applebench/runs/2026-09-03T225801-networking-007-opencode/agent.sb…
agent   00:58:01 exit 1 · /usr/bin/sandbox-exec -f /Users/afterxleep/Developer/applebench-harness/.applebench/runs/2026-09-03T225801-ne…
harness 00:58:01 agent finished · failed
grading 00:58:02 grading: build
grading 00:58:02 $ /usr/bin/xcodebuild -project Networking007Fixture.xcodeproj -scheme Networking007Fixture -destination platform=iOS Simulator,id=42973080-33…
grading 00:58:06 ok · /usr/bin/xcodebuild -project Networking007Fixture.xcodeproj -scheme Networking007Fixture -destination platfor…
grading 00:58:06 PASS build
grading 00:58:06 grading: xctest
grading 00:58:06 $ /usr/bin/xcodebuild -project Networking007Fixture.xcodeproj -scheme Networking007Fixture -destination platform=iOS Simulator,id=42973080-33…
grading 00:58:24 exit 65 · /usr/bin/xcodebuild -project Networking007Fixture.xcodeproj -scheme Networking007Fixture -destination platfor…
grading 00:58:24 $ /usr/bin/xcrun xcresulttool get test-results summary --path /Users/afterxleep/Developer/applebench-harness/.applebench/runs/2026-09-03T2258…
grading 00:58:24 ok · /usr/bin/xcrun xcresulttool get test-results summary --path /Users/afterxleep/Developer/applebench-harness/.a…
grading 00:58:24 FAIL xctest
grading 00:58:25 !! reaped a stray simulator
  FAIL · 24s
→ networking-008 · opencode
agent   00:58:25 agent started
agent   00:58:25 !! Agent sealed: reference solutions, task files and other runs are unreadable.
agent   00:58:25 $ /usr/bin/sandbox-exec -f /Users/afterxleep/Developer/applebench-harness/.applebench/runs/2026-09-03T225825-networking-008-opencode/agent.sb…
agent   00:58:26 exit 1 · /usr/bin/sandbox-exec -f /Users/afterxleep/Developer/applebench-harness/.applebench/runs/2026-09-03T225825-ne…
harness 00:58:26 agent finished · failed
grading 00:58:26 grading: build
grading 00:58:26 $ /usr/bin/xcodebuild -project Networking008Fixture.xcodeproj -scheme Networking008Fixture -destination platform=iOS Simulator,id=C2806E81-BA…
grading 00:58:31 ok · /usr/bin/xcodebuild -project Networking008Fixture.xcodeproj -scheme Networking008Fixture -destination platfor…
grading 00:58:31 PASS build
grading 00:58:31 grading: xctest
grading 00:58:31 $ /usr/bin/xcodebuild -project Networking008Fixture.xcodeproj -scheme Networking008Fixture -destination platform=iOS Simulator,id=C2806E81-BA…
grading 00:58:40 exit 65 · /usr/bin/xcodebuild -project Networking008Fixture.xcodeproj -scheme Networking008Fixture -destination platfor…
grading 00:58:40 $ /usr/bin/xcrun xcresulttool get test-results summary --path /Users/afterxleep/Developer/applebench-harness/.applebench/runs/2026-09-03T2258…
grading 00:58:40 ok · /usr/bin/xcrun xcresulttool get test-results summary --path /Users/afterxleep/Developer/applebench-harness/.a…
grading 00:58:40 FAIL xctest
grading 00:58:41 !! reaped a stray simulator
  FAIL · 15s
→ push-001 · opencode
agent   00:58:41 agent started
agent   00:58:41 !! Agent sealed: reference solutions, task files and other runs are unreadable.
agent   00:58:41 $ /usr/bin/sandbox-exec -f /Users/afterxleep/Developer/applebench-harness/.applebench/runs/2026-09-03T225841-push-001-opencode/agent.sb openc…
agent   00:58:41 exit 1 · /usr/bin/sandbox-exec -f /Users/afterxleep/Developer/applebench-harness/.applebench/runs/2026-09-03T225841-pu…
harness 00:58:42 agent finished · failed
grading 00:58:42 grading: build
grading 00:58:42 $ /usr/bin/xcodebuild -project Push001Fixture.xcodeproj -scheme Push001Fixture -destination platform=iOS Simulator,id=E524FE25-DF05-40E2-8EC2…
grading 00:58:47 ok · /usr/bin/xcodebuild -project Push001Fixture.xcodeproj -scheme Push001Fixture -destination platform=iOS Simula…
grading 00:58:47 PASS build
grading 00:58:47 grading: xctest
grading 00:58:47 $ /usr/bin/xcodebuild -project Push001Fixture.xcodeproj -scheme Push001Fixture -destination platform=iOS Simulator,id=E524FE25-DF05-40E2-8EC2…
grading 00:58:56 exit 65 · /usr/bin/xcodebuild -project Push001Fixture.xcodeproj -scheme Push001Fixture -destination platform=iOS Simula…
grading 00:58:56 $ /usr/bin/xcrun xcresulttool get test-results summary --path /Users/afterxleep/Developer/applebench-harness/.applebench/runs/2026-09-03T2258…
grading 00:58:56 ok · /usr/bin/xcrun xcresulttool get test-results summary --path /Users/afterxleep/Developer/applebench-harness/.a…
grading 00:58:56 FAIL xctest
grading 00:58:57 !! reaped a stray simulator
  FAIL · 16s
→ push-002 · opencode
agent   00:58:57 agent started
agent   00:58:57 !! Agent sealed: reference solutions, task files and other runs are unreadable.
agent   00:58:57 $ /usr/bin/sandbox-exec -f /Users/afterxleep/Developer/applebench-harness/.applebench/runs/2026-09-03T225857-push-002-opencode/agent.sb openc…
agent   00:58:58 exit 1 · /usr/bin/sandbox-exec -f /Users/afterxleep/Developer/applebench-harness/.applebench/runs/2026-09-03T225857-pu…
harness 00:58:58 agent finished · failed
grading 00:58:58 grading: build
grading 00:58:58 $ /usr/bin/xcodebuild -project Push002Fixture.xcodeproj -scheme Push002Fixture -destination platform=iOS Simulator,id=68907F0E-1F58-4CBB-8C9F…
grading 00:59:03 ok · /usr/bin/xcodebuild -project Push002Fixture.xcodeproj -scheme Push002Fixture -destination platform=iOS Simula…
grading 00:59:03 PASS build
grading 00:59:03 grading: xcodeproj
grading 00:59:03 $ /usr/bin/xcodebuild -project Push002Fixture.xcodeproj -scheme Push002Fixture -destination platform=iOS Simulator,id=68907F0E-1F58-4CBB-8C9F…
grading 00:59:04 ok · /usr/bin/xcodebuild -project Push002Fixture.xcodeproj -scheme Push002Fixture -destination platform=iOS Simula…
grading 00:59:04 FAIL xcodeproj
grading 00:59:04 grading: file
grading 00:59:04 PASS file
grading 00:59:04 grading: xctest
grading 00:59:04 $ /usr/bin/xcodebuild -project Push002Fixture.xcodeproj -scheme Push002Fixture -destination platform=iOS Simulator,id=68907F0E-1F58-4CBB-8C9F…
grading 00:59:13 exit 65 · /usr/bin/xcodebuild -project Push002Fixture.xcodeproj -scheme Push002Fixture -destination platform=iOS Simula…
grading 00:59:13 $ /usr/bin/xcrun xcresulttool get test-results summary --path /Users/afterxleep/Developer/applebench-harness/.applebench/runs/2026-09-03T2258…
grading 00:59:13 ok · /usr/bin/xcrun xcresulttool get test-results summary --path /Users/afterxleep/Developer/applebench-harness/.a…
grading 00:59:13 FAIL xctest
grading 00:59:13 !! reaped a stray simulator
  FAIL · 16s
→ storekit-001 · opencode
agent   00:59:14 agent started
agent   00:59:14 !! Agent sealed: reference solutions, task files and other runs are unreadable.
agent   00:59:14 $ /usr/bin/sandbox-exec -f /Users/afterxleep/Developer/applebench-harness/.applebench/runs/2026-09-03T225914-storekit-001-opencode/agent.sb o…
agent   00:59:14 exit 1 · /usr/bin/sandbox-exec -f /Users/afterxleep/Developer/applebench-harness/.applebench/runs/2026-09-03T225914-st…
harness 00:59:15 agent finished · failed
grading 00:59:15 grading: build
grading 00:59:15 $ /usr/bin/xcodebuild -project Storekit001Fixture.xcodeproj -scheme Storekit001Fixture -destination platform=iOS Simulator,id=1AE1B023-9A1F-4…
grading 00:59:20 ok · /usr/bin/xcodebuild -project Storekit001Fixture.xcodeproj -scheme Storekit001Fixture -destination platform=iO…
grading 00:59:20 PASS build
grading 00:59:20 grading: xcodeproj
grading 00:59:20 $ /usr/bin/xcodebuild -project Storekit001Fixture.xcodeproj -scheme Storekit001Fixture -destination platform=iOS Simulator,id=1AE1B023-9A1F-4…
grading 00:59:21 ok · /usr/bin/xcodebuild -project Storekit001Fixture.xcodeproj -scheme Storekit001Fixture -destination platform=iO…
grading 00:59:21 $ /usr/bin/xcodebuild -project Storekit001Fixture.xcodeproj -scheme Storekit001Fixture -destination platform=iOS Simulator,id=1AE1B023-9A1F-4…
grading 00:59:22 ok · /usr/bin/xcodebuild -project Storekit001Fixture.xcodeproj -scheme Storekit001Fixture -destination platform=iO…
grading 00:59:22 FAIL xcodeproj
grading 00:59:22 grading: xctest
grading 00:59:22 $ /usr/bin/xcodebuild -project Storekit001Fixture.xcodeproj -scheme Storekit001Fixture -destination platform=iOS Simulator,id=1AE1B023-9A1F-4…
grading 00:59:31 exit 65 · /usr/bin/xcodebuild -project Storekit001Fixture.xcodeproj -scheme Storekit001Fixture -destination platform=iO…
grading 00:59:31 $ /usr/bin/xcrun xcresulttool get test-results summary --path /Users/afterxleep/Developer/applebench-harness/.applebench/runs/2026-09-03T2259…
grading 00:59:31 ok · /usr/bin/xcrun xcresulttool get test-results summary --path /Users/afterxleep/Developer/applebench-harness/.a…
grading 00:59:31 FAIL xctest
grading 00:59:31 !! reaped a stray simulator
  FAIL · 17s
→ storekit-002 · opencode
agent   00:59:32 agent started
agent   00:59:32 !! Agent sealed: reference solutions, task files and other runs are unreadable.
agent   00:59:32 $ /usr/bin/sandbox-exec -f /Users/afterxleep/Developer/applebench-harness/.applebench/runs/2026-09-03T225932-storekit-002-opencode/agent.sb o…
agent   00:59:32 exit 1 · /usr/bin/sandbox-exec -f /Users/afterxleep/Developer/applebench-harness/.applebench/runs/2026-09-03T225932-st…
harness 00:59:32 agent finished · failed
grading 00:59:33 grading: build
grading 00:59:33 $ /usr/bin/xcodebuild -project Storekit002Fixture.xcodeproj -scheme Storekit002Fixture -destination platform=iOS Simulator,id=D45A993C-B68C-4…
grading 00:59:37 ok · /usr/bin/xcodebuild -project Storekit002Fixture.xcodeproj -scheme Storekit002Fixture -destination platform=iO…
grading 00:59:37 PASS build
grading 00:59:37 grading: xctest
grading 00:59:37 $ /usr/bin/xcodebuild -project Storekit002Fixture.xcodeproj -scheme Storekit002Fixture -destination platform=iOS Simulator,id=D45A993C-B68C-4…
grading 00:59:47 exit 65 · /usr/bin/xcodebuild -project Storekit002Fixture.xcodeproj -scheme Storekit002Fixture -destination platform=iO…
grading 00:59:47 $ /usr/bin/xcrun xcresulttool get test-results summary --path /Users/afterxleep/Developer/applebench-harness/.applebench/runs/2026-09-03T2259…
grading 00:59:47 ok · /usr/bin/xcrun xcresulttool get test-results summary --path /Users/afterxleep/Developer/applebench-harness/.a…
grading 00:59:47 FAIL xctest
grading 00:59:48 !! reaped a stray simulator
  FAIL · 16s
→ swiftdata-003 · opencode
agent   00:59:48 agent started
agent   00:59:48 !! Agent sealed: reference solutions, task files and other runs are unreadable.
agent   00:59:48 $ /usr/bin/sandbox-exec -f /Users/afterxleep/Developer/applebench-harness/.applebench/runs/2026-09-03T225948-swiftdata-003-opencode/agent.sb …
agent   00:59:49 exit 1 · /usr/bin/sandbox-exec -f /Users/afterxleep/Developer/applebench-harness/.applebench/runs/2026-09-03T225948-sw…
harness 00:59:49 agent finished · failed
grading 00:59:49 grading: build
grading 00:59:49 $ /usr/bin/xcodebuild -project Swiftdata003Fixture.xcodeproj -scheme Swiftdata003Fixture -destination platform=iOS Simulator,id=084818A6-C545…
grading 00:59:54 ok · /usr/bin/xcodebuild -project Swiftdata003Fixture.xcodeproj -scheme Swiftdata003Fixture -destination platform=…
grading 00:59:54 PASS build
grading 00:59:54 grading: xctest
grading 00:59:54 $ /usr/bin/xcodebuild -project Swiftdata003Fixture.xcodeproj -scheme Swiftdata003Fixture -destination platform=iOS Simulator,id=084818A6-C545…
grading 01:00:03 exit 65 · /usr/bin/xcodebuild -project Swiftdata003Fixture.xcodeproj -scheme Swiftdata003Fixture -destination platform=…
grading 01:00:03 $ /usr/bin/xcrun xcresulttool get test-results summary --path /Users/afterxleep/Developer/applebench-harness/.applebench/runs/2026-09-03T2259…
grading 01:00:03 ok · /usr/bin/xcrun xcresulttool get test-results summary --path /Users/afterxleep/Developer/applebench-harness/.a…
grading 01:00:03 FAIL xctest
grading 01:00:04 !! reaped a stray simulator
  FAIL · 15s
→ swiftdata-004 · opencode
agent   01:00:04 agent started
agent   01:00:04 !! Agent sealed: reference solutions, task files and other runs are unreadable.
agent   01:00:04 $ /usr/bin/sandbox-exec -f /Users/afterxleep/Developer/applebench-harness/.applebench/runs/2026-09-03T230004-swiftdata-004-opencode/agent.sb …
agent   01:00:04 exit 1 · /usr/bin/sandbox-exec -f /Users/afterxleep/Developer/applebench-harness/.applebench/runs/2026-09-03T230004-sw…
harness 01:00:05 agent finished · failed
grading 01:00:05 grading: build
grading 01:00:05 $ /usr/bin/xcodebuild -project Swiftdata004Fixture.xcodeproj -scheme Swiftdata004Fixture -destination platform=iOS Simulator,id=48DEB2E7-4B2A…
grading 01:00:10 ok · /usr/bin/xcodebuild -project Swiftdata004Fixture.xcodeproj -scheme Swiftdata004Fixture -destination platform=…
grading 01:00:10 PASS build
grading 01:00:10 grading: xctest
grading 01:00:10 $ /usr/bin/xcodebuild -project Swiftdata004Fixture.xcodeproj -scheme Swiftdata004Fixture -destination platform=iOS Simulator,id=48DEB2E7-4B2A…
grading 01:00:19 exit 65 · /usr/bin/xcodebuild -project Swiftdata004Fixture.xcodeproj -scheme Swiftdata004Fixture -destination platform=…
grading 01:00:19 $ /usr/bin/xcrun xcresulttool get test-results summary --path /Users/afterxleep/Developer/applebench-harness/.applebench/runs/2026-09-03T2300…
grading 01:00:19 ok · /usr/bin/xcrun xcresulttool get test-results summary --path /Users/afterxleep/Developer/applebench-harness/.a…
grading 01:00:19 FAIL xctest
grading 01:00:19 !! reaped a stray simulator
  FAIL · 15s
→ swiftdata-005 · opencode
agent   01:00:20 agent started
agent   01:00:20 !! Agent sealed: reference solutions, task files and other runs are unreadable.
agent   01:00:20 $ /usr/bin/sandbox-exec -f /Users/afterxleep/Developer/applebench-harness/.applebench/runs/2026-09-03T230020-swiftdata-005-opencode/agent.sb …
agent   01:00:20 exit 1 · /usr/bin/sandbox-exec -f /Users/afterxleep/Developer/applebench-harness/.applebench/runs/2026-09-03T230020-sw…
harness 01:00:21 agent finished · failed
grading 01:00:21 grading: build
grading 01:00:21 $ /usr/bin/xcodebuild -project Swiftdata005Fixture.xcodeproj -scheme Swiftdata005Fixture -destination platform=iOS Simulator,id=4A0E798D-D53A…
grading 01:00:26 ok · /usr/bin/xcodebuild -project Swiftdata005Fixture.xcodeproj -scheme Swiftdata005Fixture -destination platform=…
grading 01:00:26 PASS build
grading 01:00:26 grading: xctest
grading 01:00:26 $ /usr/bin/xcodebuild -project Swiftdata005Fixture.xcodeproj -scheme Swiftdata005Fixture -destination platform=iOS Simulator,id=4A0E798D-D53A…
grading 01:00:35 exit 65 · /usr/bin/xcodebuild -project Swiftdata005Fixture.xcodeproj -scheme Swiftdata005Fixture -destination platform=…
grading 01:00:35 $ /usr/bin/xcrun xcresulttool get test-results summary --path /Users/afterxleep/Developer/applebench-harness/.applebench/runs/2026-09-03T2300…
grading 01:00:35 ok · /usr/bin/xcrun xcresulttool get test-results summary --path /Users/afterxleep/Developer/applebench-harness/.a…
grading 01:00:35 FAIL xctest
grading 01:00:36 !! reaped a stray simulator
  FAIL · 16s
→ swiftdata-006 · opencode
agent   01:00:36 agent started
agent   01:00:36 !! Agent sealed: reference solutions, task files and other runs are unreadable.
agent   01:00:36 $ /usr/bin/sandbox-exec -f /Users/afterxleep/Developer/applebench-harness/.applebench/runs/2026-09-03T230036-swiftdata-006-opencode/agent.sb …
agent   01:00:37 exit 1 · /usr/bin/sandbox-exec -f /Users/afterxleep/Developer/applebench-harness/.applebench/runs/2026-09-03T230036-sw…
harness 01:00:37 agent finished · failed
grading 01:00:37 grading: build
grading 01:00:37 $ /usr/bin/xcodebuild -project Swiftdata006Fixture.xcodeproj -scheme Swiftdata006Fixture -destination platform=iOS Simulator,id=2A6040AE-EFC0…
grading 01:00:42 ok · /usr/bin/xcodebuild -project Swiftdata006Fixture.xcodeproj -scheme Swiftdata006Fixture -destination platform=…
grading 01:00:42 PASS build
grading 01:00:42 grading: xctest
grading 01:00:42 $ /usr/bin/xcodebuild -project Swiftdata006Fixture.xcodeproj -scheme Swiftdata006Fixture -destination platform=iOS Simulator,id=2A6040AE-EFC0…
grading 01:00:51 exit 65 · /usr/bin/xcodebuild -project Swiftdata006Fixture.xcodeproj -scheme Swiftdata006Fixture -destination platform=…
grading 01:00:51 $ /usr/bin/xcrun xcresulttool get test-results summary --path /Users/afterxleep/Developer/applebench-harness/.applebench/runs/2026-09-03T2300…
grading 01:00:51 ok · /usr/bin/xcrun xcresulttool get test-results summary --path /Users/afterxleep/Developer/applebench-harness/.a…
grading 01:00:51 FAIL xctest
grading 01:00:51 !! reaped a stray simulator
  FAIL · 15s
→ swiftdata-007 · opencode
agent   01:00:52 agent started
agent   01:00:52 !! Agent sealed: reference solutions, task files and other runs are unreadable.
agent   01:00:52 $ /usr/bin/sandbox-exec -f /Users/afterxleep/Developer/applebench-harness/.applebench/runs/2026-09-03T230052-swiftdata-007-opencode/agent.sb …
agent   01:00:52 exit 1 · /usr/bin/sandbox-exec -f /Users/afterxleep/Developer/applebench-harness/.applebench/runs/2026-09-03T230052-sw…
harness 01:00:52 agent finished · failed
grading 01:00:53 grading: build
grading 01:00:53 $ /usr/bin/xcodebuild -project Swiftdata007Fixture.xcodeproj -scheme Swiftdata007Fixture -destination platform=iOS Simulator,id=19810878-1D5D…
grading 01:00:58 ok · /usr/bin/xcodebuild -project Swiftdata007Fixture.xcodeproj -scheme Swiftdata007Fixture -destination platform=…
grading 01:00:58 PASS build
grading 01:00:58 grading: xctest
grading 01:00:58 $ /usr/bin/xcodebuild -project Swiftdata007Fixture.xcodeproj -scheme Swiftdata007Fixture -destination platform=iOS Simulator,id=19810878-1D5D…
grading 01:01:07 exit 65 · /usr/bin/xcodebuild -project Swiftdata007Fixture.xcodeproj -scheme Swiftdata007Fixture -destination platform=…
grading 01:01:07 $ /usr/bin/xcrun xcresulttool get test-results summary --path /Users/afterxleep/Developer/applebench-harness/.applebench/runs/2026-09-03T2300…
grading 01:01:07 ok · /usr/bin/xcrun xcresulttool get test-results summary --path /Users/afterxleep/Developer/applebench-harness/.a…
grading 01:01:07 FAIL xctest
grading 01:01:07 !! reaped a stray simulator
  FAIL · 15s
→ swiftdata-008 · opencode
agent   01:01:07 agent started
agent   01:01:07 !! Agent sealed: reference solutions, task files and other runs are unreadable.
agent   01:01:07 $ /usr/bin/sandbox-exec -f /Users/afterxleep/Developer/applebench-harness/.applebench/runs/2026-09-03T230107-swiftdata-008-opencode/agent.sb …
agent   01:01:08 exit 1 · /usr/bin/sandbox-exec -f /Users/afterxleep/Developer/applebench-harness/.applebench/runs/2026-09-03T230107-sw…
harness 01:01:08 agent finished · failed
grading 01:01:09 grading: build
grading 01:01:09 $ /usr/bin/xcodebuild -project Swiftdata008Fixture.xcodeproj -scheme Swiftdata008Fixture -destination platform=iOS Simulator,id=6AA949B8-C4C3…
grading 01:01:13 ok · /usr/bin/xcodebuild -project Swiftdata008Fixture.xcodeproj -scheme Swiftdata008Fixture -destination platform=…
grading 01:01:13 PASS build
grading 01:01:13 grading: xctest
grading 01:01:13 $ /usr/bin/xcodebuild -project Swiftdata008Fixture.xcodeproj -scheme Swiftdata008Fixture -destination platform=iOS Simulator,id=6AA949B8-C4C3…
grading 01:01:22 exit 65 · /usr/bin/xcodebuild -project Swiftdata008Fixture.xcodeproj -scheme Swiftdata008Fixture -destination platform=…
grading 01:01:22 $ /usr/bin/xcrun xcresulttool get test-results summary --path /Users/afterxleep/Developer/applebench-harness/.applebench/runs/2026-09-03T2301…
grading 01:01:23 ok · /usr/bin/xcrun xcresulttool get test-results summary --path /Users/afterxleep/Developer/applebench-harness/.a…
grading 01:01:23 FAIL xctest
grading 01:01:23 !! reaped a stray simulator
  FAIL · 15s
→ swiftdata-009 · opencode
agent   01:01:23 agent started
agent   01:01:23 !! Agent sealed: reference solutions, task files and other runs are unreadable.
agent   01:01:23 $ /usr/bin/sandbox-exec -f /Users/afterxleep/Developer/applebench-harness/.applebench/runs/2026-09-03T230123-swiftdata-009-opencode/agent.sb …
agent   01:01:24 exit 1 · /usr/bin/sandbox-exec -f /Users/afterxleep/Developer/applebench-harness/.applebench/runs/2026-09-03T230123-sw…
harness 01:01:24 agent finished · failed
grading 01:01:24 grading: build
grading 01:01:24 $ /usr/bin/xcodebuild -project Swiftdata009Fixture.xcodeproj -scheme Swiftdata009Fixture -destination platform=iOS Simulator,id=98BC2226-D35C…
grading 01:01:29 ok · /usr/bin/xcodebuild -project Swiftdata009Fixture.xcodeproj -scheme Swiftdata009Fixture -destination platform=…
grading 01:01:29 PASS build
grading 01:01:29 grading: xctest
grading 01:01:29 $ /usr/bin/xcodebuild -project Swiftdata009Fixture.xcodeproj -scheme Swiftdata009Fixture -destination platform=iOS Simulator,id=98BC2226-D35C…
grading 01:01:38 exit 65 · /usr/bin/xcodebuild -project Swiftdata009Fixture.xcodeproj -scheme Swiftdata009Fixture -destination platform=…
grading 01:01:38 $ /usr/bin/xcrun xcresulttool get test-results summary --path /Users/afterxleep/Developer/applebench-harness/.applebench/runs/2026-09-03T2301…
grading 01:01:38 ok · /usr/bin/xcrun xcresulttool get test-results summary --path /Users/afterxleep/Developer/applebench-harness/.a…
grading 01:01:38 FAIL xctest
grading 01:01:39 !! reaped a stray simulator
  FAIL · 15s
→ swiftdata-010 · opencode
agent   01:01:39 agent started
agent   01:01:39 !! Agent sealed: reference solutions, task files and other runs are unreadable.
agent   01:01:39 $ /usr/bin/sandbox-exec -f /Users/afterxleep/Developer/applebench-harness/.applebench/runs/2026-09-03T230139-swiftdata-010-opencode/agent.sb …
agent   01:01:39 exit 1 · /usr/bin/sandbox-exec -f /Users/afterxleep/Developer/applebench-harness/.applebench/runs/2026-09-03T230139-sw…
harness 01:01:40 agent finished · failed
grading 01:01:40 grading: build
grading 01:01:40 $ /usr/bin/xcodebuild -project Swiftdata010Fixture.xcodeproj -scheme Swiftdata010Fixture -destination platform=iOS Simulator,id=B52DE036-670B…
grading 01:01:45 ok · /usr/bin/xcodebuild -project Swiftdata010Fixture.xcodeproj -scheme Swiftdata010Fixture -destination platform=…
grading 01:01:45 PASS build
grading 01:01:45 grading: xctest
grading 01:01:45 $ /usr/bin/xcodebuild -project Swiftdata010Fixture.xcodeproj -scheme Swiftdata010Fixture -destination platform=iOS Simulator,id=B52DE036-670B…
grading 01:01:55 exit 65 · /usr/bin/xcodebuild -project Swiftdata010Fixture.xcodeproj -scheme Swiftdata010Fixture -destination platform=…
grading 01:01:55 $ /usr/bin/xcrun xcresulttool get test-results summary --path /Users/afterxleep/Developer/applebench-harness/.applebench/runs/2026-09-03T2301…
grading 01:01:55 ok · /usr/bin/xcrun xcresulttool get test-results summary --path /Users/afterxleep/Developer/applebench-harness/.a…
grading 01:01:55 FAIL xctest
grading 01:01:55 !! reaped a stray simulator
  FAIL · 16s
→ system-001 · opencode
agent   01:01:56 agent started
agent   01:01:56 !! Agent sealed: reference solutions, task files and other runs are unreadable.
agent   01:01:56 $ /usr/bin/sandbox-exec -f /Users/afterxleep/Developer/applebench-harness/.applebench/runs/2026-09-03T230156-system-001-opencode/agent.sb ope…
agent   01:01:56 exit 1 · /usr/bin/sandbox-exec -f /Users/afterxleep/Developer/applebench-harness/.applebench/runs/2026-09-03T230156-sy…
harness 01:01:57 agent finished · failed
grading 01:01:57 grading: build
grading 01:01:57 $ /usr/bin/xcodebuild -project System001Fixture.xcodeproj -scheme System001Fixture -destination platform=iOS Simulator,id=80B532EA-09D8-4DA2-…
grading 01:02:02 ok · /usr/bin/xcodebuild -project System001Fixture.xcodeproj -scheme System001Fixture -destination platform=iOS Si…
grading 01:02:02 PASS build
grading 01:02:02 grading: xctest
grading 01:02:02 $ /usr/bin/xcodebuild -project System001Fixture.xcodeproj -scheme System001Fixture -destination platform=iOS Simulator,id=80B532EA-09D8-4DA2-…
grading 01:02:11 exit 65 · /usr/bin/xcodebuild -project System001Fixture.xcodeproj -scheme System001Fixture -destination platform=iOS Si…
grading 01:02:11 $ /usr/bin/xcrun xcresulttool get test-results summary --path /Users/afterxleep/Developer/applebench-harness/.applebench/runs/2026-09-03T2301…
grading 01:02:11 ok · /usr/bin/xcrun xcresulttool get test-results summary --path /Users/afterxleep/Developer/applebench-harness/.a…
grading 01:02:11 FAIL xctest
grading 01:02:11 !! reaped a stray simulator
  FAIL · 15s
→ system-002 · opencode
agent   01:02:12 agent started
agent   01:02:12 !! Agent sealed: reference solutions, task files and other runs are unreadable.
agent   01:02:12 $ /usr/bin/sandbox-exec -f /Users/afterxleep/Developer/applebench-harness/.applebench/runs/2026-09-03T230212-system-002-opencode/agent.sb ope…
agent   01:02:12 exit 1 · /usr/bin/sandbox-exec -f /Users/afterxleep/Developer/applebench-harness/.applebench/runs/2026-09-03T230212-sy…
harness 01:02:12 agent finished · failed
grading 01:02:13 grading: build
grading 01:02:13 $ /usr/bin/xcodebuild -project System002Fixture.xcodeproj -scheme System002Fixture -destination platform=iOS Simulator,id=6384B48C-488E-493B-…
grading 01:02:18 ok · /usr/bin/xcodebuild -project System002Fixture.xcodeproj -scheme System002Fixture -destination platform=iOS Si…
grading 01:02:18 PASS build
grading 01:02:18 grading: xctest
grading 01:02:18 $ /usr/bin/xcodebuild -project System002Fixture.xcodeproj -scheme System002Fixture -destination platform=iOS Simulator,id=6384B48C-488E-493B-…
grading 01:02:26 exit 65 · /usr/bin/xcodebuild -project System002Fixture.xcodeproj -scheme System002Fixture -destination platform=iOS Si…
grading 01:02:26 $ /usr/bin/xcrun xcresulttool get test-results summary --path /Users/afterxleep/Developer/applebench-harness/.applebench/runs/2026-09-03T2302…
grading 01:02:27 ok · /usr/bin/xcrun xcresulttool get test-results summary --path /Users/afterxleep/Developer/applebench-harness/.a…
grading 01:02:27 FAIL xctest
grading 01:02:27 !! reaped a stray simulator
  FAIL · 15s
→ system-003 · opencode
agent   01:02:27 agent started
agent   01:02:27 !! Agent sealed: reference solutions, task files and other runs are unreadable.
agent   01:02:27 $ /usr/bin/sandbox-exec -f /Users/afterxleep/Developer/applebench-harness/.applebench/runs/2026-09-03T230227-system-003-opencode/agent.sb ope…
agent   01:02:28 exit 1 · /usr/bin/sandbox-exec -f /Users/afterxleep/Developer/applebench-harness/.applebench/runs/2026-09-03T230227-sy…
harness 01:02:28 agent finished · failed
grading 01:02:28 grading: build
grading 01:02:28 $ /usr/bin/xcodebuild -project System003Fixture.xcodeproj -scheme System003Fixture -destination platform=iOS Simulator,id=CBD5B62C-D7C7-4767-…
grading 01:02:33 ok · /usr/bin/xcodebuild -project System003Fixture.xcodeproj -scheme System003Fixture -destination platform=iOS Si…
grading 01:02:33 PASS build
grading 01:02:33 grading: xctest
grading 01:02:33 $ /usr/bin/xcodebuild -project System003Fixture.xcodeproj -scheme System003Fixture -destination platform=iOS Simulator,id=CBD5B62C-D7C7-4767-…
grading 01:02:42 exit 65 · /usr/bin/xcodebuild -project System003Fixture.xcodeproj -scheme System003Fixture -destination platform=iOS Si…
grading 01:02:42 $ /usr/bin/xcrun xcresulttool get test-results summary --path /Users/afterxleep/Developer/applebench-harness/.applebench/runs/2026-09-03T2302…
grading 01:02:42 ok · /usr/bin/xcrun xcresulttool get test-results summary --path /Users/afterxleep/Developer/applebench-harness/.a…
grading 01:02:42 FAIL xctest
grading 01:02:43 !! reaped a stray simulator
  FAIL · 15s
→ system-004 · opencode
agent   01:02:43 agent started
agent   01:02:43 !! Agent sealed: reference solutions, task files and other runs are unreadable.
agent   01:02:43 $ /usr/bin/sandbox-exec -f /Users/afterxleep/Developer/applebench-harness/.applebench/runs/2026-09-03T230243-system-004-opencode/agent.sb ope…
agent   01:02:44 exit 1 · /usr/bin/sandbox-exec -f /Users/afterxleep/Developer/applebench-harness/.applebench/runs/2026-09-03T230243-sy…
harness 01:02:44 agent finished · failed
grading 01:02:44 grading: build
grading 01:02:44 $ /usr/bin/xcodebuild -project System004Fixture.xcodeproj -scheme System004Fixture -destination platform=iOS Simulator,id=F8046418-F0F1-4EE5-…
grading 01:02:49 ok · /usr/bin/xcodebuild -project System004Fixture.xcodeproj -scheme System004Fixture -destination platform=iOS Si…
grading 01:02:49 PASS build
grading 01:02:49 grading: xctest
grading 01:02:49 $ /usr/bin/xcodebuild -project System004Fixture.xcodeproj -scheme System004Fixture -destination platform=iOS Simulator,id=F8046418-F0F1-4EE5-…
grading 01:02:58 exit 65 · /usr/bin/xcodebuild -project System004Fixture.xcodeproj -scheme System004Fixture -destination platform=iOS Si…
grading 01:02:58 $ /usr/bin/xcrun xcresulttool get test-results summary --path /Users/afterxleep/Developer/applebench-harness/.applebench/runs/2026-09-03T2302…
grading 01:02:58 ok · /usr/bin/xcrun xcresulttool get test-results summary --path /Users/afterxleep/Developer/applebench-harness/.a…
grading 01:02:58 FAIL xctest
grading 01:02:58 !! reaped a stray simulator
  FAIL · 15s
→ widget-002 · opencode
agent   01:02:59 agent started
agent   01:02:59 !! Agent sealed: reference solutions, task files and other runs are unreadable.
agent   01:02:59 $ /usr/bin/sandbox-exec -f /Users/afterxleep/Developer/applebench-harness/.applebench/runs/2026-09-03T230259-widget-002-opencode/agent.sb ope…
agent   01:02:59 exit 1 · /usr/bin/sandbox-exec -f /Users/afterxleep/Developer/applebench-harness/.applebench/runs/2026-09-03T230259-wi…
harness 01:02:59 agent finished · failed
grading 01:03:00 grading: build
grading 01:03:00 $ /usr/bin/xcodebuild -project Widget002Fixture.xcodeproj -scheme Widget002Fixture -destination platform=iOS Simulator,id=718AC722-D3D5-4F16-…
grading 01:03:05 ok · /usr/bin/xcodebuild -project Widget002Fixture.xcodeproj -scheme Widget002Fixture -destination platform=iOS Si…
grading 01:03:05 PASS build
grading 01:03:05 grading: xctest
grading 01:03:05 $ /usr/bin/xcodebuild -project Widget002Fixture.xcodeproj -scheme Widget002Fixture -destination platform=iOS Simulator,id=718AC722-D3D5-4F16-…
grading 01:03:14 exit 65 · /usr/bin/xcodebuild -project Widget002Fixture.xcodeproj -scheme Widget002Fixture -destination platform=iOS Si…
grading 01:03:14 $ /usr/bin/xcrun xcresulttool get test-results summary --path /Users/afterxleep/Developer/applebench-harness/.applebench/runs/2026-09-03T2302…
grading 01:03:14 ok · /usr/bin/xcrun xcresulttool get test-results summary --path /Users/afterxleep/Developer/applebench-harness/.a…
grading 01:03:14 FAIL xctest
grading 01:03:14 !! reaped a stray simulator
  FAIL · 16s
→ widget-003 · opencode
agent   01:03:15 agent started
agent   01:03:15 !! Agent sealed: reference solutions, task files and other runs are unreadable.
agent   01:03:15 $ /usr/bin/sandbox-exec -f /Users/afterxleep/Developer/applebench-harness/.applebench/runs/2026-09-03T230315-widget-003-opencode/agent.sb ope…
agent   01:03:15 exit 1 · /usr/bin/sandbox-exec -f /Users/afterxleep/Developer/applebench-harness/.applebench/runs/2026-09-03T230315-wi…
harness 01:03:16 agent finished · failed
grading 01:03:16 grading: build
grading 01:03:16 $ /usr/bin/xcodebuild -project Widget003Fixture.xcodeproj -scheme Widget003Fixture -destination platform=iOS Simulator,id=76933D3D-9DBE-4DFD-…
grading 01:03:21 ok · /usr/bin/xcodebuild -project Widget003Fixture.xcodeproj -scheme Widget003Fixture -destination platform=iOS Si…
grading 01:03:21 PASS build
grading 01:03:21 grading: xctest
grading 01:03:21 $ /usr/bin/xcodebuild -project Widget003Fixture.xcodeproj -scheme Widget003Fixture -destination platform=iOS Simulator,id=76933D3D-9DBE-4DFD-…
grading 01:03:30 exit 65 · /usr/bin/xcodebuild -project Widget003Fixture.xcodeproj -scheme Widget003Fixture -destination platform=iOS Si…
grading 01:03:30 $ /usr/bin/xcrun xcresulttool get test-results summary --path /Users/afterxleep/Developer/applebench-harness/.applebench/runs/2026-09-03T2303…
grading 01:03:30 ok · /usr/bin/xcrun xcresulttool get test-results summary --path /Users/afterxleep/Developer/applebench-harness/.a…
grading 01:03:30 FAIL xctest
grading 01:03:30 !! reaped a stray simulator
  FAIL · 15s
→ g2-locale-001 · opencode
agent   01:03:31 agent started
agent   01:03:31 !! Agent sealed: reference solutions, task files and other runs are unreadable.
agent   01:03:31 $ /usr/bin/sandbox-exec -f /Users/afterxleep/Developer/applebench-harness/.applebench/runs/2026-09-03T230331-g2-locale-001-opencode/agent.sb …
agent   01:03:31 exit 1 · /usr/bin/sandbox-exec -f /Users/afterxleep/Developer/applebench-harness/.applebench/runs/2026-09-03T230331-g2…
harness 01:03:31 agent finished · failed
grading 01:03:52 grading: uiflow
grading 01:03:52 $ /usr/bin/xcodebuild -project CollationFixture.xcodeproj -scheme CollationFixture -destination platform=iOS Simulator,id=CDC09903-A1E7-4009-…
grading 01:03:59 ok · /usr/bin/xcodebuild -project CollationFixture.xcodeproj -scheme CollationFixture -destination platform=iOS Si…
grading 01:03:59 $ flowdeck simulator language set en --locale en_US -S CDC09903-A1E7-4009-8F3D-60CE3772FF4C
grading 01:04:03 ok · flowdeck simulator language set en --locale en_US -S CDC09903-A1E7-4009-8F3D-60CE3772FF4C
grading 01:04:03 $ xcrun simctl bootstatus CDC09903-A1E7-4009-8F3D-60CE3772FF4C -b
grading 01:04:07 ok · xcrun simctl bootstatus CDC09903-A1E7-4009-8F3D-60CE3772FF4C -b
grading 01:04:14 $ flowdeck ui simulator screen -S CDC09903-A1E7-4009-8F3D-60CE3772FF4C --json
grading 01:04:16 ok · flowdeck ui simulator screen -S CDC09903-A1E7-4009-8F3D-60CE3772FF4C --json
grading 01:04:16 $ flowdeck ui simulator screen -S CDC09903-A1E7-4009-8F3D-60CE3772FF4C --json
grading 01:04:16 ok · flowdeck ui simulator screen -S CDC09903-A1E7-4009-8F3D-60CE3772FF4C --json
grading 01:04:16 $ flowdeck simulator language reset -S CDC09903-A1E7-4009-8F3D-60CE3772FF4C
grading 01:04:20 ok · flowdeck simulator language reset -S CDC09903-A1E7-4009-8F3D-60CE3772FF4C
grading 01:04:20 $ xcrun simctl bootstatus CDC09903-A1E7-4009-8F3D-60CE3772FF4C -b
grading 01:04:24 ok · xcrun simctl bootstatus CDC09903-A1E7-4009-8F3D-60CE3772FF4C -b
grading 01:04:24 PASS uiflow
grading 01:04:24 grading: uiflow
grading 01:04:24 $ /usr/bin/xcodebuild -project CollationFixture.xcodeproj -scheme CollationFixture -destination platform=iOS Simulator,id=CDC09903-A1E7-4009-…
grading 01:04:27 ok · /usr/bin/xcodebuild -project CollationFixture.xcodeproj -scheme CollationFixture -destination platform=iOS Si…
grading 01:04:27 $ flowdeck simulator language set sv --locale sv_SE -S CDC09903-A1E7-4009-8F3D-60CE3772FF4C
grading 01:04:30 ok · flowdeck simulator language set sv --locale sv_SE -S CDC09903-A1E7-4009-8F3D-60CE3772FF4C
grading 01:04:30 $ xcrun simctl bootstatus CDC09903-A1E7-4009-8F3D-60CE3772FF4C -b
grading 01:04:34 ok · xcrun simctl bootstatus CDC09903-A1E7-4009-8F3D-60CE3772FF4C -b
grading 01:04:41 $ flowdeck ui simulator screen -S CDC09903-A1E7-4009-8F3D-60CE3772FF4C --json
grading 01:04:41 ok · flowdeck ui simulator screen -S CDC09903-A1E7-4009-8F3D-60CE3772FF4C --json
grading 01:04:41 $ flowdeck ui simulator screen -S CDC09903-A1E7-4009-8F3D-60CE3772FF4C --json
grading 01:04:42 ok · flowdeck ui simulator screen -S CDC09903-A1E7-4009-8F3D-60CE3772FF4C --json
grading 01:04:42 $ flowdeck simulator language reset -S CDC09903-A1E7-4009-8F3D-60CE3772FF4C
grading 01:04:46 ok · flowdeck simulator language reset -S CDC09903-A1E7-4009-8F3D-60CE3772FF4C
grading 01:04:46 $ xcrun simctl bootstatus CDC09903-A1E7-4009-8F3D-60CE3772FF4C -b
grading 01:04:49 ok · xcrun simctl bootstatus CDC09903-A1E7-4009-8F3D-60CE3772FF4C -b
grading 01:04:49 FAIL uiflow
grading 01:04:53 !! reaped a stray simulator
  FAIL · 1m 19s
→ g2-locale-002 · opencode
agent   01:04:53 agent started
agent   01:04:53 !! Agent sealed: reference solutions, task files and other runs are unreadable.
agent   01:04:53 $ /usr/bin/sandbox-exec -f /Users/afterxleep/Developer/applebench-harness/.applebench/runs/2026-09-03T230453-g2-locale-002-opencode/agent.sb …
agent   01:04:54 exit 1 · /usr/bin/sandbox-exec -f /Users/afterxleep/Developer/applebench-harness/.applebench/runs/2026-09-03T230453-g2…
harness 01:04:54 agent finished · failed
grading 01:05:12 grading: uiflow
grading 01:05:12 $ /usr/bin/xcodebuild -project StatusFilterFixture.xcodeproj -scheme StatusFilterFixture -destination platform=iOS Simulator,id=C98CF906-434B…
grading 01:05:20 ok · /usr/bin/xcodebuild -project StatusFilterFixture.xcodeproj -scheme StatusFilterFixture -destination platform=…
grading 01:05:20 $ flowdeck simulator language set en --locale en_US -S C98CF906-434B-4AE2-871F-EF2D921DA5C4
grading 01:05:24 ok · flowdeck simulator language set en --locale en_US -S C98CF906-434B-4AE2-871F-EF2D921DA5C4
grading 01:05:24 $ xcrun simctl bootstatus C98CF906-434B-4AE2-871F-EF2D921DA5C4 -b
grading 01:05:28 ok · xcrun simctl bootstatus C98CF906-434B-4AE2-871F-EF2D921DA5C4 -b
grading 01:05:35 $ flowdeck ui simulator screen -S C98CF906-434B-4AE2-871F-EF2D921DA5C4 --json
grading 01:05:37 ok · flowdeck ui simulator screen -S C98CF906-434B-4AE2-871F-EF2D921DA5C4 --json
grading 01:05:37 $ flowdeck ui simulator screen -S C98CF906-434B-4AE2-871F-EF2D921DA5C4 --json
grading 01:05:37 ok · flowdeck ui simulator screen -S C98CF906-434B-4AE2-871F-EF2D921DA5C4 --json
grading 01:05:37 $ flowdeck simulator language reset -S C98CF906-434B-4AE2-871F-EF2D921DA5C4
grading 01:05:41 ok · flowdeck simulator language reset -S C98CF906-434B-4AE2-871F-EF2D921DA5C4
grading 01:05:41 $ xcrun simctl bootstatus C98CF906-434B-4AE2-871F-EF2D921DA5C4 -b
grading 01:05:44 ok · xcrun simctl bootstatus C98CF906-434B-4AE2-871F-EF2D921DA5C4 -b
grading 01:05:45 PASS uiflow
grading 01:05:45 grading: uiflow
grading 01:05:45 $ /usr/bin/xcodebuild -project StatusFilterFixture.xcodeproj -scheme StatusFilterFixture -destination platform=iOS Simulator,id=C98CF906-434B…
grading 01:05:47 ok · /usr/bin/xcodebuild -project StatusFilterFixture.xcodeproj -scheme StatusFilterFixture -destination platform=…
grading 01:05:47 $ flowdeck simulator language set tr --locale tr_TR -S C98CF906-434B-4AE2-871F-EF2D921DA5C4
grading 01:05:51 ok · flowdeck simulator language set tr --locale tr_TR -S C98CF906-434B-4AE2-871F-EF2D921DA5C4
grading 01:05:51 $ xcrun simctl bootstatus C98CF906-434B-4AE2-871F-EF2D921DA5C4 -b
grading 01:05:55 ok · xcrun simctl bootstatus C98CF906-434B-4AE2-871F-EF2D921DA5C4 -b
grading 01:06:01 $ flowdeck ui simulator screen -S C98CF906-434B-4AE2-871F-EF2D921DA5C4 --json
grading 01:06:02 ok · flowdeck ui simulator screen -S C98CF906-434B-4AE2-871F-EF2D921DA5C4 --json
grading 01:06:02 $ flowdeck ui simulator screen -S C98CF906-434B-4AE2-871F-EF2D921DA5C4 --json
grading 01:06:02 ok · flowdeck ui simulator screen -S C98CF906-434B-4AE2-871F-EF2D921DA5C4 --json
grading 01:06:02 $ flowdeck simulator language reset -S C98CF906-434B-4AE2-871F-EF2D921DA5C4
grading 01:06:06 ok · flowdeck simulator language reset -S C98CF906-434B-4AE2-871F-EF2D921DA5C4
grading 01:06:06 $ xcrun simctl bootstatus C98CF906-434B-4AE2-871F-EF2D921DA5C4 -b
grading 01:06:10 ok · xcrun simctl bootstatus C98CF906-434B-4AE2-871F-EF2D921DA5C4 -b
grading 01:06:10 FAIL uiflow
grading 01:06:10 grading: file
grading 01:06:10 PASS file
grading 01:06:14 !! reaped a stray simulator
  FAIL · 1m 17s
→ g2-locale-003 · opencode
agent   01:06:14 agent started
agent   01:06:14 !! Agent sealed: reference solutions, task files and other runs are unreadable.
agent   01:06:14 $ /usr/bin/sandbox-exec -f /Users/afterxleep/Developer/applebench-harness/.applebench/runs/2026-09-03T230614-g2-locale-003-opencode/agent.sb …
agent   01:06:15 exit 1 · /usr/bin/sandbox-exec -f /Users/afterxleep/Developer/applebench-harness/.applebench/runs/2026-09-03T230614-g2…
harness 01:06:15 agent finished · failed
grading 01:06:35 grading: uiflow
grading 01:06:35 $ /usr/bin/xcodebuild -project ReceiptTotalFixture.xcodeproj -scheme ReceiptTotalFixture -destination platform=iOS Simulator,id=989DFBC0-B6BD…
grading 01:06:45 ok · /usr/bin/xcodebuild -project ReceiptTotalFixture.xcodeproj -scheme ReceiptTotalFixture -destination platform=…
grading 01:06:45 $ flowdeck simulator language set en --locale en_US -S 989DFBC0-B6BD-4E82-A7A8-42A39A79ADDF
grading 01:06:49 ok · flowdeck simulator language set en --locale en_US -S 989DFBC0-B6BD-4E82-A7A8-42A39A79ADDF
grading 01:06:49 $ xcrun simctl bootstatus 989DFBC0-B6BD-4E82-A7A8-42A39A79ADDF -b
grading 01:06:52 ok · xcrun simctl bootstatus 989DFBC0-B6BD-4E82-A7A8-42A39A79ADDF -b
grading 01:06:58 $ flowdeck ui simulator screen -S 989DFBC0-B6BD-4E82-A7A8-42A39A79ADDF --json
grading 01:07:01 ok · flowdeck ui simulator screen -S 989DFBC0-B6BD-4E82-A7A8-42A39A79ADDF --json
grading 01:07:01 $ flowdeck ui simulator screen -S 989DFBC0-B6BD-4E82-A7A8-42A39A79ADDF --json
grading 01:07:01 ok · flowdeck ui simulator screen -S 989DFBC0-B6BD-4E82-A7A8-42A39A79ADDF --json
grading 01:07:01 $ flowdeck simulator language reset -S 989DFBC0-B6BD-4E82-A7A8-42A39A79ADDF
grading 01:07:05 ok · flowdeck simulator language reset -S 989DFBC0-B6BD-4E82-A7A8-42A39A79ADDF
grading 01:07:05 $ xcrun simctl bootstatus 989DFBC0-B6BD-4E82-A7A8-42A39A79ADDF -b
grading 01:07:10 ok · xcrun simctl bootstatus 989DFBC0-B6BD-4E82-A7A8-42A39A79ADDF -b
grading 01:07:10 PASS uiflow
grading 01:07:10 grading: uiflow
grading 01:07:10 $ /usr/bin/xcodebuild -project ReceiptTotalFixture.xcodeproj -scheme ReceiptTotalFixture -destination platform=iOS Simulator,id=989DFBC0-B6BD…
grading 01:07:12 ok · /usr/bin/xcodebuild -project ReceiptTotalFixture.xcodeproj -scheme ReceiptTotalFixture -destination platform=…
grading 01:07:12 $ flowdeck simulator language set sv --locale sv_SE -S 989DFBC0-B6BD-4E82-A7A8-42A39A79ADDF
grading 01:07:16 ok · flowdeck simulator language set sv --locale sv_SE -S 989DFBC0-B6BD-4E82-A7A8-42A39A79ADDF
grading 01:07:16 $ xcrun simctl bootstatus 989DFBC0-B6BD-4E82-A7A8-42A39A79ADDF -b
grading 01:07:20 ok · xcrun simctl bootstatus 989DFBC0-B6BD-4E82-A7A8-42A39A79ADDF -b
grading 01:07:25 $ flowdeck ui simulator screen -S 989DFBC0-B6BD-4E82-A7A8-42A39A79ADDF --json
grading 01:07:26 ok · flowdeck ui simulator screen -S 989DFBC0-B6BD-4E82-A7A8-42A39A79ADDF --json
grading 01:07:26 $ flowdeck ui simulator screen -S 989DFBC0-B6BD-4E82-A7A8-42A39A79ADDF --json
grading 01:07:27 ok · flowdeck ui simulator screen -S 989DFBC0-B6BD-4E82-A7A8-42A39A79ADDF --json
grading 01:07:27 $ flowdeck simulator language reset -S 989DFBC0-B6BD-4E82-A7A8-42A39A79ADDF
grading 01:07:31 ok · flowdeck simulator language reset -S 989DFBC0-B6BD-4E82-A7A8-42A39A79ADDF
grading 01:07:31 $ xcrun simctl bootstatus 989DFBC0-B6BD-4E82-A7A8-42A39A79ADDF -b
grading 01:07:35 ok · xcrun simctl bootstatus 989DFBC0-B6BD-4E82-A7A8-42A39A79ADDF -b
grading 01:07:35 FAIL uiflow
grading 01:07:35 grading: file
grading 01:07:35 PASS file
grading 01:07:39 !! reaped a stray simulator
  FAIL · 1m 21s
→ g2-locale-004 · opencode
agent   01:07:39 agent started
agent   01:07:39 !! Agent sealed: reference solutions, task files and other runs are unreadable.
agent   01:07:39 $ /usr/bin/sandbox-exec -f /Users/afterxleep/Developer/applebench-harness/.applebench/runs/2026-09-03T230739-g2-locale-004-opencode/agent.sb …
agent   01:07:40 exit 1 · /usr/bin/sandbox-exec -f /Users/afterxleep/Developer/applebench-harness/.applebench/runs/2026-09-03T230739-g2…
harness 01:07:40 agent finished · failed
grading 01:07:57 grading: uiflow
grading 01:07:57 $ /usr/bin/xcodebuild -project DeliveryDateFixture.xcodeproj -scheme DeliveryDateFixture -destination platform=iOS Simulator,id=63D86941-639D…
grading 01:08:07 ok · /usr/bin/xcodebuild -project DeliveryDateFixture.xcodeproj -scheme DeliveryDateFixture -destination platform=…
grading 01:08:07 $ flowdeck simulator language set en --locale en_US -S 63D86941-639D-4013-8E67-66CB6311ED4A
grading 01:08:11 ok · flowdeck simulator language set en --locale en_US -S 63D86941-639D-4013-8E67-66CB6311ED4A
grading 01:08:11 $ xcrun simctl bootstatus 63D86941-639D-4013-8E67-66CB6311ED4A -b
grading 01:08:14 ok · xcrun simctl bootstatus 63D86941-639D-4013-8E67-66CB6311ED4A -b
grading 01:08:21 $ flowdeck ui simulator screen -S 63D86941-639D-4013-8E67-66CB6311ED4A --json
grading 01:08:23 ok · flowdeck ui simulator screen -S 63D86941-639D-4013-8E67-66CB6311ED4A --json
grading 01:08:23 $ flowdeck ui simulator screen -S 63D86941-639D-4013-8E67-66CB6311ED4A --json
grading 01:08:24 ok · flowdeck ui simulator screen -S 63D86941-639D-4013-8E67-66CB6311ED4A --json
grading 01:08:24 $ flowdeck simulator language reset -S 63D86941-639D-4013-8E67-66CB6311ED4A
grading 01:08:28 ok · flowdeck simulator language reset -S 63D86941-639D-4013-8E67-66CB6311ED4A
grading 01:08:28 $ xcrun simctl bootstatus 63D86941-639D-4013-8E67-66CB6311ED4A -b
grading 01:08:31 ok · xcrun simctl bootstatus 63D86941-639D-4013-8E67-66CB6311ED4A -b
grading 01:08:31 FAIL uiflow
grading 01:08:31 grading: uiflow
grading 01:08:31 $ /usr/bin/xcodebuild -project DeliveryDateFixture.xcodeproj -scheme DeliveryDateFixture -destination platform=iOS Simulator,id=63D86941-639D…
grading 01:08:34 ok · /usr/bin/xcodebuild -project DeliveryDateFixture.xcodeproj -scheme DeliveryDateFixture -destination platform=…
grading 01:08:34 $ flowdeck simulator language set de --locale de_DE -S 63D86941-639D-4013-8E67-66CB6311ED4A
grading 01:08:38 ok · flowdeck simulator language set de --locale de_DE -S 63D86941-639D-4013-8E67-66CB6311ED4A
grading 01:08:38 $ xcrun simctl bootstatus 63D86941-639D-4013-8E67-66CB6311ED4A -b
grading 01:08:41 ok · xcrun simctl bootstatus 63D86941-639D-4013-8E67-66CB6311ED4A -b
grading 01:08:48 $ flowdeck ui simulator screen -S 63D86941-639D-4013-8E67-66CB6311ED4A --json
grading 01:08:48 ok · flowdeck ui simulator screen -S 63D86941-639D-4013-8E67-66CB6311ED4A --json
grading 01:08:48 $ flowdeck ui simulator screen -S 63D86941-639D-4013-8E67-66CB6311ED4A --json
grading 01:08:49 ok · flowdeck ui simulator screen -S 63D86941-639D-4013-8E67-66CB6311ED4A --json
grading 01:08:49 $ flowdeck simulator language reset -S 63D86941-639D-4013-8E67-66CB6311ED4A
grading 01:08:53 ok · flowdeck simulator language reset -S 63D86941-639D-4013-8E67-66CB6311ED4A
grading 01:08:53 $ xcrun simctl bootstatus 63D86941-639D-4013-8E67-66CB6311ED4A -b
grading 01:08:56 ok · xcrun simctl bootstatus 63D86941-639D-4013-8E67-66CB6311ED4A -b
grading 01:08:57 FAIL uiflow
grading 01:08:57 grading: file
grading 01:08:57 PASS file
grading 01:09:00 !! reaped a stray simulator
  FAIL · 1m 18s
→ g2-a11y-001 · opencode
agent   01:09:01 agent started
agent   01:09:01 !! Agent sealed: reference solutions, task files and other runs are unreadable.
agent   01:09:01 $ /usr/bin/sandbox-exec -f /Users/afterxleep/Developer/applebench-harness/.applebench/runs/2026-09-03T230901-g2-a11y-001-opencode/agent.sb op…
agent   01:09:01 exit 1 · /usr/bin/sandbox-exec -f /Users/afterxleep/Developer/applebench-harness/.applebench/runs/2026-09-03T230901-g2…
harness 01:09:01 agent finished · failed
grading 01:09:18 grading: uiflow
grading 01:09:18 $ /usr/bin/xcodebuild -project BadgeCountFixture.xcodeproj -scheme BadgeCountFixture -destination platform=iOS Simulator,id=FC713CF9-2AFA-4C2…
grading 01:09:29 ok · /usr/bin/xcodebuild -project BadgeCountFixture.xcodeproj -scheme BadgeCountFixture -destination platform=iOS …
grading 01:09:33 $ flowdeck ui simulator screen -S FC713CF9-2AFA-4C21-B67B-497B74DAE8F9 --json
grading 01:09:34 ok · flowdeck ui simulator screen -S FC713CF9-2AFA-4C21-B67B-497B74DAE8F9 --json
grading 01:09:34 PASS uiflow
grading 01:09:34 grading: uiflow
grading 01:09:34 $ /usr/bin/xcodebuild -project BadgeCountFixture.xcodeproj -scheme BadgeCountFixture -destination platform=iOS Simulator,id=FC713CF9-2AFA-4C2…
grading 01:09:36 ok · /usr/bin/xcodebuild -project BadgeCountFixture.xcodeproj -scheme BadgeCountFixture -destination platform=iOS …
grading 01:09:36 $ flowdeck simulator content-size set accessibility-extra-extra-extra-large -S FC713CF9-2AFA-4C21-B67B-497B74DAE8F9
grading 01:09:36 ok · flowdeck simulator content-size set accessibility-extra-extra-extra-large -S FC713CF9-2AFA-4C21-B67B-497B74DA…
grading 01:09:39 $ flowdeck ui simulator screen -S FC713CF9-2AFA-4C21-B67B-497B74DAE8F9 --json
grading 01:09:39 ok · flowdeck ui simulator screen -S FC713CF9-2AFA-4C21-B67B-497B74DAE8F9 --json
grading 01:09:39 $ flowdeck simulator content-size reset -S FC713CF9-2AFA-4C21-B67B-497B74DAE8F9
grading 01:09:40 ok · flowdeck simulator content-size reset -S FC713CF9-2AFA-4C21-B67B-497B74DAE8F9
grading 01:09:40 FAIL uiflow
grading 01:09:40 grading: file
grading 01:09:40 PASS file
grading 01:09:43 !! reaped a stray simulator
  FAIL · 39s
→ g2-a11y-002 · opencode
agent   01:09:44 agent started
agent   01:09:44 !! Agent sealed: reference solutions, task files and other runs are unreadable.
agent   01:09:44 $ /usr/bin/sandbox-exec -f /Users/afterxleep/Developer/applebench-harness/.applebench/runs/2026-09-03T230944-g2-a11y-002-opencode/agent.sb op…
agent   01:09:44 exit 1 · /usr/bin/sandbox-exec -f /Users/afterxleep/Developer/applebench-harness/.applebench/runs/2026-09-03T230944-g2…
harness 01:09:44 agent finished · failed
grading 01:10:01 grading: uiflow
grading 01:10:01 $ /usr/bin/xcodebuild -project LabelColumnFixture.xcodeproj -scheme LabelColumnFixture -destination platform=iOS Simulator,id=EA05C906-A4BA-4…
grading 01:10:11 ok · /usr/bin/xcodebuild -project LabelColumnFixture.xcodeproj -scheme LabelColumnFixture -destination platform=iO…
grading 01:10:15 $ flowdeck ui simulator screen -S EA05C906-A4BA-4D44-95D2-AFCAF3AD351C --json
grading 01:10:17 ok · flowdeck ui simulator screen -S EA05C906-A4BA-4D44-95D2-AFCAF3AD351C --json
grading 01:10:17 PASS uiflow
grading 01:10:17 grading: uiflow
grading 01:10:17 $ /usr/bin/xcodebuild -project LabelColumnFixture.xcodeproj -scheme LabelColumnFixture -destination platform=iOS Simulator,id=EA05C906-A4BA-4…
grading 01:10:18 ok · /usr/bin/xcodebuild -project LabelColumnFixture.xcodeproj -scheme LabelColumnFixture -destination platform=iO…
grading 01:10:18 $ flowdeck simulator content-size set accessibility-extra-extra-extra-large -S EA05C906-A4BA-4D44-95D2-AFCAF3AD351C
grading 01:10:19 ok · flowdeck simulator content-size set accessibility-extra-extra-extra-large -S EA05C906-A4BA-4D44-95D2-AFCAF3AD…
grading 01:10:21 $ flowdeck ui simulator screen -S EA05C906-A4BA-4D44-95D2-AFCAF3AD351C --json
grading 01:10:22 ok · flowdeck ui simulator screen -S EA05C906-A4BA-4D44-95D2-AFCAF3AD351C --json
grading 01:10:22 $ flowdeck simulator content-size reset -S EA05C906-A4BA-4D44-95D2-AFCAF3AD351C
grading 01:10:22 ok · flowdeck simulator content-size reset -S EA05C906-A4BA-4D44-95D2-AFCAF3AD351C
grading 01:10:22 FAIL uiflow
grading 01:10:22 grading: file
grading 01:10:22 PASS file
grading 01:10:26 !! reaped a stray simulator
  FAIL · 39s
→ g2-flow-002 · opencode
agent   01:10:26 agent started
agent   01:10:26 !! Agent sealed: reference solutions, task files and other runs are unreadable.
agent   01:10:26 $ /usr/bin/sandbox-exec -f /Users/afterxleep/Developer/applebench-harness/.applebench/runs/2026-09-03T231026-g2-flow-002-opencode/agent.sb op…
agent   01:10:27 exit 1 · /usr/bin/sandbox-exec -f /Users/afterxleep/Developer/applebench-harness/.applebench/runs/2026-09-03T231026-g2…
harness 01:10:27 agent finished · failed
grading 01:10:45 grading: uiflow
grading 01:10:45 $ /usr/bin/xcodebuild -project ExportToolbarFixture.xcodeproj -scheme ExportToolbarFixture -destination platform=iOS Simulator,id=EEBE0464-F7…
grading 01:10:54 ok · /usr/bin/xcodebuild -project ExportToolbarFixture.xcodeproj -scheme ExportToolbarFixture -destination platfor…
grading 01:10:58 $ flowdeck ui simulator batch --steps [{"target":"export-button","action":"tap","by_id":true}] -S EEBE0464-F7E6-4954-9A49-AEC2ADB19A87 --json
grading 01:11:03 ok · flowdeck ui simulator batch --steps [{"target":"export-button","action":"tap","by_id":true}] -S EEBE0464-F7E6…
grading 01:11:03 FAIL uiflow
grading 01:11:03 grading: file
grading 01:11:03 PASS file
grading 01:11:07 !! reaped a stray simulator
  FAIL · 37s
→ g2-order-001 · opencode
agent   01:11:07 agent started
agent   01:11:07 !! Agent sealed: reference solutions, task files and other runs are unreadable.
agent   01:11:07 $ /usr/bin/sandbox-exec -f /Users/afterxleep/Developer/applebench-harness/.applebench/runs/2026-09-03T231107-g2-order-001-opencode/agent.sb o…
agent   01:11:08 exit 1 · /usr/bin/sandbox-exec -f /Users/afterxleep/Developer/applebench-harness/.applebench/runs/2026-09-03T231107-g2…
harness 01:11:08 agent finished · failed
grading 01:11:25 grading: uiflow
grading 01:11:25 $ /usr/bin/xcodebuild -project PlaylistOrderFixture.xcodeproj -scheme PlaylistOrderFixture -destination platform=iOS Simulator,id=1ADEC273-99…
grading 01:11:34 ok · /usr/bin/xcodebuild -project PlaylistOrderFixture.xcodeproj -scheme PlaylistOrderFixture -destination platfor…
grading 01:11:38 $ flowdeck ui simulator batch --steps [{"target":"cloudline-up","by_id":true,"action":"tap"}] -S 1ADEC273-9965-4C0A-A660-11BD003BDC43 --json
grading 01:11:41 ok · flowdeck ui simulator batch --steps [{"target":"cloudline-up","by_id":true,"action":"tap"}] -S 1ADEC273-9965-…
grading 01:11:41 FAIL uiflow
grading 01:11:41 grading: uiflow
grading 01:11:41 $ /usr/bin/xcodebuild -project PlaylistOrderFixture.xcodeproj -scheme PlaylistOrderFixture -destination platform=iOS Simulator,id=1ADEC273-99…
grading 01:11:42 ok · /usr/bin/xcodebuild -project PlaylistOrderFixture.xcodeproj -scheme PlaylistOrderFixture -destination platfor…
grading 01:11:45 $ flowdeck ui simulator batch --steps [{"action":"tap","target":"cloudline-up","by_id":true},{"action":"tap","target":"blackwater-up","by_id"…
grading 01:11:47 ok · flowdeck ui simulator batch --steps [{"action":"tap","target":"cloudline-up","by_id":true},{"action":"tap","t…
grading 01:11:47 PASS uiflow
grading 01:11:47 grading: uiflow
grading 01:11:47 $ /usr/bin/xcodebuild -project PlaylistOrderFixture.xcodeproj -scheme PlaylistOrderFixture -destination platform=iOS Simulator,id=1ADEC273-99…
grading 01:11:48 ok · /usr/bin/xcodebuild -project PlaylistOrderFixture.xcodeproj -scheme PlaylistOrderFixture -destination platfor…
grading 01:11:51 $ flowdeck ui simulator batch --steps [{"by_id":true,"target":"driftwood-up","action":"tap"},{"by_id":true,"target":"driftwood-up","action":"…
grading 01:11:53 ok · flowdeck ui simulator batch --steps [{"by_id":true,"target":"driftwood-up","action":"tap"},{"by_id":true,"tar…
grading 01:11:53 FAIL uiflow
grading 01:11:53 grading: file
grading 01:11:53 PASS file
grading 01:11:56 !! reaped a stray simulator
  FAIL · 46s
→ g2-flow-003 · opencode
agent   01:11:57 agent started
agent   01:11:57 !! Agent sealed: reference solutions, task files and other runs are unreadable.
agent   01:11:57 $ /usr/bin/sandbox-exec -f /Users/afterxleep/Developer/applebench-harness/.applebench/runs/2026-09-03T231157-g2-flow-003-opencode/agent.sb op…
agent   01:11:57 exit 1 · /usr/bin/sandbox-exec -f /Users/afterxleep/Developer/applebench-harness/.applebench/runs/2026-09-03T231157-g2…
harness 01:11:58 agent finished · failed
grading 01:12:15 grading: uiflow
grading 01:12:15 $ /usr/bin/xcodebuild -project LongListFixture.xcodeproj -scheme LongListFixture -destination platform=iOS Simulator,id=C6A6E5D5-A056-4DF5-B8…
grading 01:12:24 ok · /usr/bin/xcodebuild -project LongListFixture.xcodeproj -scheme LongListFixture -destination platform=iOS Simu…
grading 01:12:28 $ flowdeck ui simulator screen -S C6A6E5D5-A056-4DF5-B806-B6D094402EC1 --json
grading 01:12:30 ok · flowdeck ui simulator screen -S C6A6E5D5-A056-4DF5-B806-B6D094402EC1 --json
grading 01:12:30 PASS uiflow
grading 01:12:30 grading: uiflow
grading 01:12:30 $ /usr/bin/xcodebuild -project LongListFixture.xcodeproj -scheme LongListFixture -destination platform=iOS Simulator,id=C6A6E5D5-A056-4DF5-B8…
grading 01:12:31 ok · /usr/bin/xcodebuild -project LongListFixture.xcodeproj -scheme LongListFixture -destination platform=iOS Simu…
grading 01:12:34 $ flowdeck ui simulator batch --steps [{"action":"tap","target":"load-more","by_id":true},{"action":"assert","text":"Entry 40"}] -S C6A6E5D5-…
grading 01:12:38 exit 1 · flowdeck ui simulator batch --steps [{"action":"tap","target":"load-more","by_id":true},{"action":"assert","t…
grading 01:12:38 FAIL uiflow
grading 01:12:38 grading: uiflow
grading 01:12:38 $ /usr/bin/xcodebuild -project LongListFixture.xcodeproj -scheme LongListFixture -destination platform=iOS Simulator,id=C6A6E5D5-A056-4DF5-B8…
grading 01:12:39 ok · /usr/bin/xcodebuild -project LongListFixture.xcodeproj -scheme LongListFixture -destination platform=iOS Simu…
grading 01:12:42 $ flowdeck ui simulator screen -S C6A6E5D5-A056-4DF5-B806-B6D094402EC1 --json
grading 01:12:42 ok · flowdeck ui simulator screen -S C6A6E5D5-A056-4DF5-B806-B6D094402EC1 --json
grading 01:12:42 PASS uiflow
grading 01:12:46 !! reaped a stray simulator
  FAIL · 46s
→ g2-order-002 · opencode
agent   01:12:46 agent started
agent   01:12:46 !! Agent sealed: reference solutions, task files and other runs are unreadable.
agent   01:12:46 $ /usr/bin/sandbox-exec -f /Users/afterxleep/Developer/applebench-harness/.applebench/runs/2026-09-03T231246-g2-order-002-opencode/agent.sb o…
agent   01:12:47 exit 1 · /usr/bin/sandbox-exec -f /Users/afterxleep/Developer/applebench-harness/.applebench/runs/2026-09-03T231246-g2…
harness 01:12:47 agent finished · failed
grading 01:13:04 grading: uiflow
grading 01:13:04 $ /usr/bin/xcodebuild -project RowDeleteFixture.xcodeproj -scheme RowDeleteFixture -destination platform=iOS Simulator,id=57F39603-6B9D-4145-…
grading 01:13:14 ok · /usr/bin/xcodebuild -project RowDeleteFixture.xcodeproj -scheme RowDeleteFixture -destination platform=iOS Si…
grading 01:13:18 $ flowdeck ui simulator batch --steps [{"target":"show-settled","by_id":true,"action":"tap"}] -S 57F39603-6B9D-4145-ADA9-39E3AFD166F8 --json
grading 01:13:21 ok · flowdeck ui simulator batch --steps [{"target":"show-settled","by_id":true,"action":"tap"}] -S 57F39603-6B9D-…
grading 01:13:21 FAIL uiflow
grading 01:13:21 grading: uiflow
grading 01:13:21 $ /usr/bin/xcodebuild -project RowDeleteFixture.xcodeproj -scheme RowDeleteFixture -destination platform=iOS Simulator,id=57F39603-6B9D-4145-…
grading 01:13:22 ok · /usr/bin/xcodebuild -project RowDeleteFixture.xcodeproj -scheme RowDeleteFixture -destination platform=iOS Si…
grading 01:13:25 $ flowdeck ui simulator batch --steps [{"by_id":true,"target":"show-settled","action":"tap"}] -S 57F39603-6B9D-4145-ADA9-39E3AFD166F8 --json
grading 01:13:26 ok · flowdeck ui simulator batch --steps [{"by_id":true,"target":"show-settled","action":"tap"}] -S 57F39603-6B9D-…
grading 01:13:26 $ flowdeck ui simulator swipe --from 380,309 --to 8,309 --duration 0.5 -S 57F39603-6B9D-4145-ADA9-39E3AFD166F8
grading 01:13:27 ok · flowdeck ui simulator swipe --from 380,309 --to 8,309 --duration 0.5 -S 57F39603-6B9D-4145-ADA9-39E3AFD166F8
grading 01:13:30 $ flowdeck ui simulator screen -S 57F39603-6B9D-4145-ADA9-39E3AFD166F8 --json
grading 01:13:31 ok · flowdeck ui simulator screen -S 57F39603-6B9D-4145-ADA9-39E3AFD166F8 --json
grading 01:13:31 FAIL uiflow
grading 01:13:34 !! reaped a stray simulator
  FAIL · 45s
→ g2-lifecycle-002 · opencode
agent   01:13:35 agent started
agent   01:13:35 !! Agent sealed: reference solutions, task files and other runs are unreadable.
agent   01:13:35 $ /usr/bin/sandbox-exec -f /Users/afterxleep/Developer/applebench-harness/.applebench/runs/2026-09-03T231335-g2-lifecycle-002-opencode/agent.…
agent   01:13:35 exit 1 · /usr/bin/sandbox-exec -f /Users/afterxleep/Developer/applebench-harness/.applebench/runs/2026-09-03T231335-g2…
harness 01:13:36 agent finished · failed
grading 01:13:54 grading: uiflow
grading 01:13:54 $ /usr/bin/xcodebuild -project MemoryCacheFixture.xcodeproj -scheme MemoryCacheFixture -destination platform=iOS Simulator,id=DA70D605-26A1-4…
grading 01:14:02 ok · /usr/bin/xcodebuild -project MemoryCacheFixture.xcodeproj -scheme MemoryCacheFixture -destination platform=iO…
grading 01:14:06 $ flowdeck ui simulator batch --steps [{"action":"tap","target":"note-field","by_id":true},{"text":"Call the dentist","action":"type"},{"by_i…
grading 01:14:09 ok · flowdeck ui simulator batch --steps [{"action":"tap","target":"note-field","by_id":true},{"text":"Call the de…
grading 01:14:09 FAIL uiflow
grading 01:14:09 grading: uiflow
grading 01:14:09 $ /usr/bin/xcodebuild -project MemoryCacheFixture.xcodeproj -scheme MemoryCacheFixture -destination platform=iOS Simulator,id=DA70D605-26A1-4…
grading 01:14:11 ok · /usr/bin/xcodebuild -project MemoryCacheFixture.xcodeproj -scheme MemoryCacheFixture -destination platform=iO…
grading 01:14:16 $ flowdeck ui simulator batch --steps [{"by_id":true,"target":"note-field","action":"tap"},{"text":"Book the ferry","action":"type"}] -S DA70…
grading 01:14:18 ok · flowdeck ui simulator batch --steps [{"by_id":true,"target":"note-field","action":"tap"},{"text":"Book the fe…
grading 01:14:18 $ flowdeck simulator button home -S DA70D605-26A1-4623-957C-E4CFFE555B49
grading 01:14:18 ok · flowdeck simulator button home -S DA70D605-26A1-4623-957C-E4CFFE555B49
grading 01:14:18 $ flowdeck simulator memory-warning -S DA70D605-26A1-4623-957C-E4CFFE555B49
grading 01:14:18 ok · flowdeck simulator memory-warning -S DA70D605-26A1-4623-957C-E4CFFE555B49
grading 01:14:28 $ flowdeck ui simulator screen -S DA70D605-26A1-4623-957C-E4CFFE555B49 --json
grading 01:14:28 ok · flowdeck ui simulator screen -S DA70D605-26A1-4623-957C-E4CFFE555B49 --json
grading 01:14:28 FAIL uiflow
grading 01:14:32 !! reaped a stray simulator
  FAIL · 54s
→ g2-visual-002 · opencode
agent   01:14:32 agent started
agent   01:14:32 !! Agent sealed: reference solutions, task files and other runs are unreadable.
agent   01:14:32 $ /usr/bin/sandbox-exec -f /Users/afterxleep/Developer/applebench-harness/.applebench/runs/2026-09-03T231432-g2-visual-002-opencode/agent.sb …
agent   01:14:33 exit 1 · /usr/bin/sandbox-exec -f /Users/afterxleep/Developer/applebench-harness/.applebench/runs/2026-09-03T231432-g2…
harness 01:14:33 agent finished · failed
grading 01:14:51 grading: uiflow
grading 01:14:51 $ /usr/bin/xcodebuild -project LandscapeHeroFixture.xcodeproj -scheme LandscapeHeroFixture -destination platform=iOS Simulator,id=19E867DD-EF…
grading 01:15:01 ok · /usr/bin/xcodebuild -project LandscapeHeroFixture.xcodeproj -scheme LandscapeHeroFixture -destination platfor…
grading 01:15:05 $ flowdeck ui simulator screen -S 19E867DD-EF0C-4997-992E-B7A37AEA98E3 --json
grading 01:15:06 ok · flowdeck ui simulator screen -S 19E867DD-EF0C-4997-992E-B7A37AEA98E3 --json
grading 01:15:06 PASS uiflow
grading 01:15:06 grading: uiflow
grading 01:15:06 $ /usr/bin/xcodebuild -project LandscapeHeroFixture.xcodeproj -scheme LandscapeHeroFixture -destination platform=iOS Simulator,id=19E867DD-EF…
grading 01:15:08 ok · /usr/bin/xcodebuild -project LandscapeHeroFixture.xcodeproj -scheme LandscapeHeroFixture -destination platfor…
grading 01:15:10 $ flowdeck ui simulator screen -S 19E867DD-EF0C-4997-992E-B7A37AEA98E3 --json
grading 01:15:11 ok · flowdeck ui simulator screen -S 19E867DD-EF0C-4997-992E-B7A37AEA98E3 --json
grading 01:15:11 $ flowdeck simulator orientation set landscape-left -S 19E867DD-EF0C-4997-992E-B7A37AEA98E3
grading 01:15:19 ok · flowdeck simulator orientation set landscape-left -S 19E867DD-EF0C-4997-992E-B7A37AEA98E3
grading 01:15:21 $ flowdeck ui simulator screen -S 19E867DD-EF0C-4997-992E-B7A37AEA98E3 --json
grading 01:15:22 ok · flowdeck ui simulator screen -S 19E867DD-EF0C-4997-992E-B7A37AEA98E3 --json
grading 01:15:22 $ flowdeck simulator orientation set portrait -S 19E867DD-EF0C-4997-992E-B7A37AEA98E3
grading 01:15:24 ok · flowdeck simulator orientation set portrait -S 19E867DD-EF0C-4997-992E-B7A37AEA98E3
grading 01:15:24 FAIL uiflow
grading 01:15:24 grading: file
grading 01:15:24 PASS file
grading 01:15:28 !! reaped a stray simulator
  FAIL · 52s
→ g2-visual-003 · opencode
agent   01:15:28 agent started
agent   01:15:28 !! Agent sealed: reference solutions, task files and other runs are unreadable.
agent   01:15:28 $ /usr/bin/sandbox-exec -f /Users/afterxleep/Developer/applebench-harness/.applebench/runs/2026-09-03T231528-g2-visual-003-opencode/agent.sb …
agent   01:15:29 exit 1 · /usr/bin/sandbox-exec -f /Users/afterxleep/Developer/applebench-harness/.applebench/runs/2026-09-03T231528-g2…
harness 01:15:29 agent finished · failed
grading 01:15:46 grading: uiflow
grading 01:15:46 $ /usr/bin/xcodebuild -project PillContrastFixture.xcodeproj -scheme PillContrastFixture -destination platform=iOS Simulator,id=B4315346-3DBC…
grading 01:15:57 ok · /usr/bin/xcodebuild -project PillContrastFixture.xcodeproj -scheme PillContrastFixture -destination platform=…
grading 01:15:57 $ flowdeck simulator appearance set light -S B4315346-3DBC-48C6-A259-73960FA74FEB
grading 01:15:57 ok · flowdeck simulator appearance set light -S B4315346-3DBC-48C6-A259-73960FA74FEB
grading 01:16:01 $ flowdeck ui simulator screen -S B4315346-3DBC-48C6-A259-73960FA74FEB --json
grading 01:16:02 ok · flowdeck ui simulator screen -S B4315346-3DBC-48C6-A259-73960FA74FEB --json
grading 01:16:02 $ flowdeck simulator appearance reset -S B4315346-3DBC-48C6-A259-73960FA74FEB
grading 01:16:03 ok · flowdeck simulator appearance reset -S B4315346-3DBC-48C6-A259-73960FA74FEB
grading 01:16:03 PASS uiflow
grading 01:16:03 grading: uiflow
grading 01:16:03 $ /usr/bin/xcodebuild -project PillContrastFixture.xcodeproj -scheme PillContrastFixture -destination platform=iOS Simulator,id=B4315346-3DBC…
grading 01:16:04 ok · /usr/bin/xcodebuild -project PillContrastFixture.xcodeproj -scheme PillContrastFixture -destination platform=…
grading 01:16:07 $ flowdeck ui simulator screen -S B4315346-3DBC-48C6-A259-73960FA74FEB --json
grading 01:16:07 ok · flowdeck ui simulator screen -S B4315346-3DBC-48C6-A259-73960FA74FEB --json
grading 01:16:07 $ flowdeck simulator appearance set light -S B4315346-3DBC-48C6-A259-73960FA74FEB
grading 01:16:08 ok · flowdeck simulator appearance set light -S B4315346-3DBC-48C6-A259-73960FA74FEB
grading 01:16:10 $ flowdeck ui simulator screen -o /Users/afterxleep/Developer/applebench-harness/.applebench/runs/2026-09-03T231528-g2-visual-003-opencode/lo…
grading 01:16:10 ok · flowdeck ui simulator screen -o /Users/afterxleep/Developer/applebench-harness/.applebench/runs/2026-09-03T23…
grading 01:16:10 $ flowdeck simulator appearance reset -S B4315346-3DBC-48C6-A259-73960FA74FEB
grading 01:16:11 ok · flowdeck simulator appearance reset -S B4315346-3DBC-48C6-A259-73960FA74FEB
grading 01:16:11 $ flowdeck simulator appearance set dark -S B4315346-3DBC-48C6-A259-73960FA74FEB
grading 01:16:11 ok · flowdeck simulator appearance set dark -S B4315346-3DBC-48C6-A259-73960FA74FEB
grading 01:16:13 $ flowdeck ui simulator screen -o /Users/afterxleep/Developer/applebench-harness/.applebench/runs/2026-09-03T231528-g2-visual-003-opencode/lo…
grading 01:16:14 ok · flowdeck ui simulator screen -o /Users/afterxleep/Developer/applebench-harness/.applebench/runs/2026-09-03T23…
grading 01:16:14 $ flowdeck simulator appearance reset -S B4315346-3DBC-48C6-A259-73960FA74FEB
grading 01:16:14 ok · flowdeck simulator appearance reset -S B4315346-3DBC-48C6-A259-73960FA74FEB
grading 01:16:14 !! appearance difference over a91-reference: 0.00%
grading 01:16:14 FAIL uiflow
grading 01:16:14 grading: file
grading 01:16:14 PASS file
grading 01:16:18 !! reaped a stray simulator
  FAIL · 46s

opencode · minimax/MiniMax-M2.7

Tasks        136
Passed       0
Failed       136
Completion   0.0%
Median time  16s
