task,category,difficulty,agent,model,passed,duration_seconds,agent_termination,input_tokens,output_tokens,total_tokens,cost_usd,files_changed,insertions,deletions,face_value,efficiency,points,graders,grader_summaries,run_id
activitykit-001,frameworks,7,opencode,minimax/MiniMax-M2.7,false,339.9,completed,31767,21454,53221,0.1224,5,230,18,70,0.94,0.0,build=P;xcodeproj=P;xctest=F,"build:xcodebuild build succeeded for scheme 'Activitykit001Fixture' | xcodeproj:1 project assertion(s) hold in the resolved configuration | xctest:2 executed, 1 passed, 1 failed, 0 skipped — failing: DeliveryActivityTests/testStartingWorksWhenLiveActivitiesAreEnabled()",2026-09-02T162133-activitykit-001-opencode
activitykit-001,frameworks,7,opencode,minimax/MiniMax-M3,true,398.8,completed,35239,34668,69907,0.1873,5,229,1,70,0.72,50.1,build=P;xcodeproj=P;xctest=P,"build:xcodebuild build succeeded for scheme 'Activitykit001Fixture' | xcodeproj:1 project assertion(s) hold in the resolved configuration | xctest:3 executed, 3 passed, 0 failed, 0 skipped",2026-09-02T103557-activitykit-001-opencode
appintents-001,frameworks,2,opencode,minimax/MiniMax-M3,true,46.8,completed,29110,520,29630,0.0109,1,1,0,20,1.00,20.0,build=P;xctest=P,"build:xcodebuild build succeeded for scheme 'AppIntentFixture' | xctest:1 executed, 1 passed, 0 failed, 0 skipped",2026-09-02T041452-appintents-001-opencode
appintents-001,frameworks,2,opencode,minimax/MiniMax-M2.7,true,55.5,completed,410,603,1013,0.0054,1,1,0,20,1.00,20.0,build=P;xctest=P,"build:xcodebuild build succeeded for scheme 'AppIntentFixture' | xctest:1 executed, 1 passed, 0 failed, 0 skipped",2026-09-02T120747-appintents-001-opencode
appintents-001,frameworks,2,opencode,minimax/MiniMax-M3,true,35.8,completed,6046,502,6548,0.0052,1,1,0,20,1.00,20.0,build=P;xctest=P,"build:xcodebuild build succeeded for scheme 'AppIntentFixture' | xctest:1 executed, 1 passed, 0 failed, 0 skipped",2026-09-01T155713-appintents-001-opencode
appintents-001,frameworks,2,opencode,minimax/MiniMax-M3,true,35.6,completed,7614,509,8123,0.0056,1,1,0,20,1.00,20.0,build=P;xctest=P,"build:xcodebuild build succeeded for scheme 'AppIntentFixture' | xctest:1 executed, 1 passed, 0 failed, 0 skipped",2026-09-01T165842-appintents-001-opencode
appintents-002,frameworks,5,opencode,minimax/MiniMax-M2.7,true,179.5,completed,943,763,1706,0.0045,1,1,1,50,1.00,50.0,build=P;xctest=P,"build:xcodebuild build succeeded for scheme 'Appintents002Fixture' | xctest:3 executed, 3 passed, 0 failed, 0 skipped",2026-09-02T162714-appintents-002-opencode
appintents-002,frameworks,5,opencode,minimax/MiniMax-M3,true,43.1,completed,17459,1316,18775,0.0107,1,4,3,50,1.00,50.0,build=P;xctest=P,"build:xcodebuild build succeeded for scheme 'Appintents002Fixture' | xctest:3 executed, 3 passed, 0 failed, 0 skipped",2026-09-02T104236-appintents-002-opencode
appintents-003,frameworks,5,opencode,minimax/MiniMax-M2.7,true,101.1,completed,749,753,1502,0.0044,1,1,1,50,1.00,50.0,build=P;xctest=P,"build:xcodebuild build succeeded for scheme 'Appintents003Fixture' | xctest:4 executed, 4 passed, 0 failed, 0 skipped",2026-09-02T163014-appintents-003-opencode
appintents-003,frameworks,5,opencode,minimax/MiniMax-M3,true,36.6,completed,13474,983,14457,0.0091,1,1,1,50,1.00,50.0,build=P;xctest=P,"build:xcodebuild build succeeded for scheme 'Appintents003Fixture' | xctest:4 executed, 4 passed, 0 failed, 0 skipped",2026-09-02T104320-appintents-003-opencode
appintents-004,frameworks,6,opencode,minimax/MiniMax-M2.7,true,52.4,completed,453,686,1139,0.0040,1,1,3,60,1.00,60.0,build=P;xctest=P,"build:xcodebuild build succeeded for scheme 'Appintents004Fixture' | xctest:2 executed, 2 passed, 0 failed, 0 skipped",2026-09-02T163156-appintents-004-opencode
appintents-004,frameworks,6,opencode,minimax/MiniMax-M3,true,43.5,completed,9789,878,10667,0.0078,1,1,4,60,1.00,60.0,build=P;xctest=P,"build:xcodebuild build succeeded for scheme 'Appintents004Fixture' | xctest:2 executed, 2 passed, 0 failed, 0 skipped",2026-09-02T104357-appintents-004-opencode
bg-001,frameworks,6,opencode,minimax/MiniMax-M3,true,29.5,completed,12764,523,13287,0.0065,1,1,0,60,1.00,60.0,build=P;xctest=P,"build:xcodebuild build succeeded for scheme 'Bg001Fixture' | xctest:4 executed, 4 passed, 0 failed, 0 skipped",2026-09-02T104442-bg-001-opencode
bg-001,frameworks,6,opencode,minimax/MiniMax-M2.7,true,62.9,completed,703,976,1679,0.0059,1,1,0,60,1.00,60.0,build=P;xctest=P,"build:xcodebuild build succeeded for scheme 'Bg001Fixture' | xctest:4 executed, 4 passed, 0 failed, 0 skipped",2026-09-02T163249-bg-001-opencode
bg-002,frameworks,6,opencode,minimax/MiniMax-M3,true,51.5,completed,11754,1112,12866,0.0088,1,1,1,60,1.00,60.0,build=P;xctest=P,"build:xcodebuild build succeeded for scheme 'Bg002Fixture' | xctest:3 executed, 3 passed, 0 failed, 0 skipped",2026-09-02T104512-bg-002-opencode
bg-002,frameworks,6,opencode,minimax/MiniMax-M2.7,false,61.7,completed,560,1897,2457,0.0082,2,44,3,60,1.00,0.0,build=F;xctest=F,"build:xcodebuild build failed (exit 65) for scheme 'Bg002Fixture' | xctest:0 executed, 0 passed, 0 failed, 0 skipped — no tests executed",2026-09-02T163352-bg-002-opencode
build-002,build,2,opencode,minimax/MiniMax-M3,true,53.4,completed,17493,2732,20225,0.0138,1,4,2,20,1.00,20.0,build=P;xcodeproj=P,build:xcodebuild build succeeded for scheme 'AvailabilityFixture' | xcodeproj:1 project assertion(s) hold in the resolved configuration,2026-09-01T155338-build-002-opencode
build-002,build,2,opencode,openrouter/minimax/minimax-m3,false,11.6,failed,,,,,0,0,0,20,0.25,0.0,build=F;xcodeproj=P,build:xcodebuild build failed (exit 65) for scheme 'AvailabilityFixture' | xcodeproj:1 project assertion(s) hold in the resolved configuration,2026-09-01T153813-build-002-opencode
build-005,build,5,opencode,minimax/MiniMax-M3,true,57.5,completed,25511,1752,27263,0.0204,1,1,2,50,1.00,50.0,build=P;file=P,build:xcodebuild build succeeded for scheme 'LinkErrorFixture' | file:1 file assertion(s) satisfied,2026-09-02T041540-build-005-opencode
build-005,build,5,opencode,minimax/MiniMax-M2.7,true,42.8,completed,8755,1108,9863,0.0131,1,1,2,50,1.00,50.0,build=P;file=P,build:xcodebuild build succeeded for scheme 'LinkErrorFixture' | file:1 file assertion(s) satisfied,2026-09-02T120843-build-005-opencode
build-005,build,5,opencode,minimax/MiniMax-M3,false,69.5,completed,33970,3355,37325,0.0252,2,2,2,50,1.00,0.0,build=P;file=F,build:xcodebuild build succeeded for scheme 'LinkErrorFixture' | file:Packages/Integrity/Sources/CIntegrity/include/cintegrity.h: expected diff to exclude this path,2026-09-01T155750-build-005-opencode
build-005,build,5,opencode,minimax/MiniMax-M3,true,49.3,completed,27316,1766,29082,0.0182,1,1,2,50,1.00,50.0,build=P;file=P,build:xcodebuild build succeeded for scheme 'LinkErrorFixture' | file:1 file assertion(s) satisfied,2026-09-01T165918-build-005-opencode
concurrency-001,frameworks,5,opencode,minimax/MiniMax-M3,true,27.9,completed,6615,817,7432,0.0063,1,2,4,50,1.00,50.0,build=P;xctest=P,"build:xcodebuild build succeeded for scheme 'Concurrency001Fixture' | xctest:2 executed, 2 passed, 0 failed, 0 skipped",2026-09-02T104604-concurrency-001-opencode
concurrency-001,frameworks,5,opencode,minimax/MiniMax-M2.7,true,34.2,completed,125,809,934,0.0049,1,1,3,50,1.00,50.0,build=P;xctest=P,"build:xcodebuild build succeeded for scheme 'Concurrency001Fixture' | xctest:2 executed, 2 passed, 0 failed, 0 skipped",2026-09-02T163454-concurrency-001-opencode
concurrency-002,frameworks,6,opencode,minimax/MiniMax-M3,true,30.2,completed,7243,905,8148,0.0057,1,4,3,60,1.00,60.0,build=P;xctest=P,"build:xcodebuild build succeeded for scheme 'Concurrency002Fixture' | xctest:3 executed, 3 passed, 0 failed, 0 skipped",2026-09-02T104633-concurrency-002-opencode
concurrency-002,frameworks,6,opencode,minimax/MiniMax-M2.7,true,62.1,completed,690,1572,2262,0.0063,1,2,3,60,1.00,60.0,build=P;xctest=P,"build:xcodebuild build succeeded for scheme 'Concurrency002Fixture' | xctest:3 executed, 3 passed, 0 failed, 0 skipped",2026-09-02T163529-concurrency-002-opencode
concurrency-003,frameworks,7,opencode,minimax/MiniMax-M2.7,true,69.2,completed,400,2055,2455,0.0066,1,1,1,70,1.00,70.0,build=P;xctest=P,"build:xcodebuild build succeeded for scheme 'Concurrency003Fixture' | xctest:3 executed, 3 passed, 0 failed, 0 skipped",2026-09-02T163632-concurrency-003-opencode
concurrency-003,frameworks,7,opencode,minimax/MiniMax-M3,false,86.7,completed,11119,3222,14341,0.0112,1,1,1,70,1.00,0.0,build=P;xctest=F,"build:xcodebuild build succeeded for scheme 'Concurrency003Fixture' | xctest:3 executed, 2 passed, 1 failed, 0 skipped — failing: TelemetryFeedTests/testABacklogDoesNotGrowWithoutLimit()",2026-09-02T104710-concurrency-003-opencode
concurrency-004,frameworks,6,opencode,minimax/MiniMax-M3,false,44.8,completed,18640,2338,20978,0.0123,1,4,7,60,1.00,0.0,build=P;xctest=F,"build:xcodebuild build succeeded for scheme 'Concurrency004Fixture' | xctest:0 executed, 0 passed, 0 failed, 0 skipped — no tests executed",2026-09-02T104837-concurrency-004-opencode
concurrency-004,frameworks,6,opencode,minimax/MiniMax-M2.7,false,29.4,completed,277,1523,1800,0.0057,1,31,13,60,1.00,0.0,build=F;xctest=F,"build:xcodebuild build failed (exit 65) for scheme 'Concurrency004Fixture' | xctest:0 executed, 0 passed, 0 failed, 0 skipped — no tests executed",2026-09-02T163742-concurrency-004-opencode
concurrency-005,frameworks,5,opencode,minimax/MiniMax-M3,true,124.9,completed,23941,1355,25296,0.0123,1,5,5,50,1.00,50.0,build=P;xctest=P,"build:xcodebuild build succeeded for scheme 'Concurrency005Fixture' | xctest:3 executed, 3 passed, 0 failed, 0 skipped",2026-09-02T104923-concurrency-005-opencode
concurrency-005,frameworks,5,opencode,minimax/MiniMax-M2.7,true,41.7,completed,350,1704,2054,0.0060,1,5,5,50,1.00,50.0,build=P;xctest=P,"build:xcodebuild build succeeded for scheme 'Concurrency005Fixture' | xctest:3 executed, 3 passed, 0 failed, 0 skipped",2026-09-02T163812-concurrency-005-opencode
concurrency-006,frameworks,4,opencode,minimax/MiniMax-M3,true,78.4,completed,26211,6799,33010,0.0247,1,5,1,40,1.00,40.0,build=P;xctest=P,"build:xcodebuild build succeeded for scheme 'Concurrency006Fixture' | xctest:2 executed, 2 passed, 0 failed, 0 skipped",2026-09-02T105128-concurrency-006-opencode
concurrency-006,frameworks,4,opencode,minimax/MiniMax-M2.7,false,59.8,completed,522,2205,2727,0.0081,1,3,5,40,1.00,0.0,build=P;xctest=F,"build:xcodebuild build succeeded for scheme 'Concurrency006Fixture' | xctest:0 executed, 0 passed, 0 failed, 0 skipped — no tests executed",2026-09-02T163855-concurrency-006-opencode
concurrency-007,frameworks,7,opencode,minimax/MiniMax-M2.7,false,125.4,completed,596,1724,2320,0.0078,1,6,15,70,1.00,0.0,build=F;xctest=F,"build:xcodebuild build failed (exit 65) for scheme 'Concurrency007Fixture' | xctest:0 executed, 0 passed, 0 failed, 0 skipped — no tests executed",2026-09-02T163955-concurrency-007-opencode
concurrency-007,frameworks,7,opencode,minimax/MiniMax-M3,true,30.9,completed,6359,549,6908,0.0050,1,1,2,70,1.00,70.0,build=P;xctest=P,"build:xcodebuild build succeeded for scheme 'Concurrency007Fixture' | xctest:2 executed, 2 passed, 0 failed, 0 skipped",2026-09-02T105248-concurrency-007-opencode
concurrency-008,frameworks,3,opencode,minimax/MiniMax-M2.7,false,70.2,completed,268,1095,1363,0.0045,1,3,2,30,1.00,0.0,build=P;xctest=F;runtime=P,"build:xcodebuild build succeeded for scheme 'ConcurrencyCancellationFixture' | xctest:0 executed, 0 passed, 0 failed, 0 skipped — no tests executed | runtime:Process survived 5s observation window",2026-09-02T164201-concurrency-008-opencode
concurrency-008,frameworks,3,opencode,minimax/MiniMax-M3,false,96.3,completed,9483,3923,13406,0.0150,1,5,2,30,1.00,0.0,build=P;xctest=F;runtime=P,"build:xcodebuild build succeeded for scheme 'ConcurrencyCancellationFixture' | xctest:0 executed, 0 passed, 0 failed, 0 skipped — no tests executed | runtime:Process survived 5s observation window",2026-09-02T105319-concurrency-008-opencode
coredata-001,frameworks,3,opencode,minimax/MiniMax-M3,true,36.8,completed,7156,693,7849,0.0060,1,1,1,30,1.00,30.0,build=P;xctest=P,"build:xcodebuild build succeeded for scheme 'CoreDataNotesFixture' | xctest:1 executed, 1 passed, 0 failed, 0 skipped",2026-09-02T041638-coredata-001-opencode
coredata-001,frameworks,3,opencode,minimax/MiniMax-M3,true,29.4,completed,7266,602,7868,0.0049,1,1,1,30,1.00,30.0,build=P;xctest=P,"build:xcodebuild build succeeded for scheme 'CoreDataNotesFixture' | xctest:1 executed, 1 passed, 0 failed, 0 skipped",2026-09-01T170008-coredata-001-opencode
coredata-001,frameworks,3,opencode,minimax/MiniMax-M2.7,true,30.7,completed,407,476,883,0.0036,1,1,1,30,1.00,30.0,build=P;xctest=P,"build:xcodebuild build succeeded for scheme 'CoreDataNotesFixture' | xctest:1 executed, 1 passed, 0 failed, 0 skipped",2026-09-02T120927-coredata-001-opencode
coredata-001,frameworks,3,opencode,minimax/MiniMax-M3,true,38.7,completed,7270,596,7866,0.0059,1,1,1,30,1.00,30.0,build=P;xctest=P,"build:xcodebuild build succeeded for scheme 'CoreDataNotesFixture' | xctest:1 executed, 1 passed, 0 failed, 0 skipped",2026-09-01T155900-coredata-001-opencode
coredata-002,frameworks,5,opencode,minimax/MiniMax-M3,false,53.0,completed,9242,1158,10400,0.0076,2,3,2,50,1.00,0.0,build=P;xctest=F,"build:xcodebuild build succeeded for scheme 'CoreDataSaveFixture' | xctest:0 executed, 0 passed, 0 failed, 0 skipped — no tests executed",2026-09-02T041716-coredata-002-opencode
coredata-002,frameworks,5,opencode,minimax/MiniMax-M2.7,false,70.0,completed,1436,1129,2565,0.0068,2,3,2,50,1.00,0.0,build=P;xctest=F,"build:xcodebuild build succeeded for scheme 'CoreDataSaveFixture' | xctest:0 executed, 0 passed, 0 failed, 0 skipped — no tests executed",2026-09-02T120958-coredata-002-opencode
coredata-002,frameworks,5,opencode,minimax/MiniMax-M3,true,38.9,completed,7340,838,8178,0.0061,1,1,0,50,1.00,50.0,build=P;xctest=P,"build:xcodebuild build succeeded for scheme 'CoreDataSaveFixture' | xctest:1 executed, 1 passed, 0 failed, 0 skipped",2026-09-01T155940-coredata-002-opencode
coredata-002,frameworks,5,opencode,minimax/MiniMax-M3,true,39.7,completed,13975,670,14645,0.0075,1,5,0,50,1.00,50.0,build=P;xctest=P,"build:xcodebuild build succeeded for scheme 'CoreDataSaveFixture' | xctest:1 executed, 1 passed, 0 failed, 0 skipped",2026-09-01T170038-coredata-002-opencode
coredata-003,frameworks,8,opencode,minimax/MiniMax-M3,true,908.8,completed,341716,51051,392767,0.5018,1,46,4,80,0.25,20.0,build=P;xctest=P,"build:xcodebuild build succeeded for scheme 'Coredata003Fixture' | xctest:2 executed, 2 passed, 0 failed, 0 skipped",2026-09-02T105500-coredata-003-opencode
coredata-003,frameworks,8,opencode,minimax/MiniMax-M2.7,false,115.0,completed,3746,5848,9594,0.0243,1,18,5,80,1.00,0.0,build=F;xctest=F,"build:xcodebuild build failed (exit 65) for scheme 'Coredata003Fixture' | xctest:0 executed, 0 passed, 0 failed, 0 skipped — no tests executed",2026-09-02T164316-coredata-003-opencode
coredata-004,frameworks,7,opencode,minimax/MiniMax-M2.7,false,66.5,completed,1549,2217,3766,0.0078,2,8,1,70,1.00,0.0,build=F;xctest=F,"build:xcodebuild build failed (exit 65) for scheme 'Coredata004Fixture' | xctest:0 executed, 0 passed, 0 failed, 0 skipped — no tests executed",2026-09-02T164511-coredata-004-opencode
coredata-004,frameworks,7,opencode,minimax/MiniMax-M3,true,79.9,completed,18423,1841,20264,0.0163,1,1,0,70,1.00,70.0,build=P;xctest=P,"build:xcodebuild build succeeded for scheme 'Coredata004Fixture' | xctest:2 executed, 2 passed, 0 failed, 0 skipped",2026-09-02T111010-coredata-004-opencode
coredata-005,frameworks,6,opencode,minimax/MiniMax-M3,true,117.1,completed,84725,4849,89574,0.0398,2,92,2,60,0.56,33.5,build=P;xctest=P,"build:xcodebuild build succeeded for scheme 'Coredata005Fixture' | xctest:2 executed, 2 passed, 0 failed, 0 skipped",2026-09-02T111130-coredata-005-opencode
coredata-005,frameworks,6,opencode,minimax/MiniMax-M2.7,false,211.9,completed,16519,6941,23460,0.0553,5,104,4,60,1.00,0.0,build=P;xctest=F,"build:xcodebuild build succeeded for scheme 'Coredata005Fixture' | xctest:2 executed, 1 passed, 1 failed, 0 skipped — failing: NotesStackTests/testTheScreenSeesABackgroundEdit()",2026-09-02T164618-coredata-005-opencode
coredata-006,frameworks,7,opencode,minimax/MiniMax-M3,true,30.8,completed,7171,1067,8238,0.0063,1,1,1,70,1.00,70.0,build=P;xctest=P,"build:xcodebuild build succeeded for scheme 'Coredata006Fixture' | xctest:2 executed, 2 passed, 0 failed, 0 skipped",2026-09-02T111328-coredata-006-opencode
coredata-006,frameworks,7,opencode,minimax/MiniMax-M2.7,false,88.2,completed,8486,2483,10969,0.0153,2,11,4,70,1.00,0.0,build=P;xctest=F,"build:xcodebuild build succeeded for scheme 'Coredata006Fixture' | xctest:0 executed, 0 passed, 0 failed, 0 skipped — no tests executed",2026-09-02T164951-coredata-006-opencode
coredata-007,frameworks,3,opencode,minimax/MiniMax-M2.7,true,29.4,completed,103,580,683,0.0035,1,3,1,30,1.00,30.0,build=P;xctest=P,"build:xcodebuild build succeeded for scheme 'Coredata007Fixture' | xctest:3 executed, 3 passed, 0 failed, 0 skipped",2026-09-02T165120-coredata-007-opencode
coredata-007,frameworks,3,opencode,minimax/MiniMax-M3,false,31.2,completed,8129,730,8859,0.0056,1,2,1,30,1.00,0.0,build=F;xctest=F,"build:xcodebuild build failed (exit 65) for scheme 'Coredata007Fixture' | xctest:0 executed, 0 passed, 0 failed, 0 skipped — no tests executed",2026-09-02T111400-coredata-007-opencode
coredata-008,frameworks,5,opencode,minimax/MiniMax-M2.7,true,111.2,completed,539,745,1284,0.0043,1,1,1,50,1.00,50.0,build=P;xctest=P,"build:xcodebuild build succeeded for scheme 'Coredata008Fixture' | xctest:3 executed, 3 passed, 0 failed, 0 skipped",2026-09-02T165150-coredata-008-opencode
coredata-008,frameworks,5,opencode,minimax/MiniMax-M3,true,34.8,completed,7715,735,8450,0.0050,1,1,1,50,1.00,50.0,build=P;xctest=P,"build:xcodebuild build succeeded for scheme 'Coredata008Fixture' | xctest:3 executed, 3 passed, 0 failed, 0 skipped",2026-09-02T111431-coredata-008-opencode
coredata-009,frameworks,5,opencode,minimax/MiniMax-M2.7,true,123.9,completed,1009,660,1669,0.0044,1,1,1,50,1.00,50.0,build=P;xctest=P,"build:xcodebuild build succeeded for scheme 'Coredata009Fixture' | xctest:2 executed, 2 passed, 0 failed, 0 skipped",2026-09-02T165342-coredata-009-opencode
coredata-009,frameworks,5,opencode,minimax/MiniMax-M3,true,64.6,completed,8865,649,9514,0.0063,1,1,1,50,1.00,50.0,build=P;xctest=P,"build:xcodebuild build succeeded for scheme 'Coredata009Fixture' | xctest:2 executed, 2 passed, 0 failed, 0 skipped",2026-09-02T111507-coredata-009-opencode
coredata-010,frameworks,6,opencode,minimax/MiniMax-M3,false,67.6,completed,10926,2692,13618,0.0101,1,12,0,60,1.00,0.0,build=F;xctest=F,"build:xcodebuild build failed (exit 65) for scheme 'Coredata010Fixture' | xctest:0 executed, 0 passed, 0 failed, 0 skipped — no tests executed",2026-09-02T111612-coredata-010-opencode
coredata-010,frameworks,6,opencode,minimax/MiniMax-M2.7,true,88.5,completed,8737,1823,10560,0.0120,1,11,0,60,1.00,60.0,build=P;xctest=P,"build:xcodebuild build succeeded for scheme 'Coredata010Fixture' | xctest:2 executed, 2 passed, 0 failed, 0 skipped",2026-09-02T165546-coredata-010-opencode
g2-a11y-001,visual,7,opencode,minimax/MiniMax-M2.7,true,130.0,completed,827,1559,2386,0.0088,1,1,3,70,1.00,70.0,uiflow=P;uiflow=P;file=P,uiflow:4 UI assertion(s) hold in default | uiflow:5 UI assertion(s) hold in content-size=accessibility-extra-extra-extra-large | file:1 file assertion(s) satisfied,2026-09-03T134652-g2-a11y-001-opencode
g2-a11y-002,visual,7,opencode,minimax/MiniMax-M2.7,false,341.6,completed,2866,8871,11737,0.0262,1,4,3,70,1.00,0.0,uiflow=F;uiflow=F;file=P,"uiflow:4 of 4 UI assertion(s) failed in default: no element on screen shows ""Background refresh""; no element on screen shows ""Download quality""; no element on screen shows ""Wi-Fi only""; no element ""refresh-name"" on screen | uiflow:1 of 7 UI assertion(s) failed in content-size=accessibility-extra-extra-extra-large: ""refresh-name"" is 161pt wide, less than 200pt | file:2 file assertion(s) satisfied",2026-09-03T134906-g2-a11y-002-opencode
g2-flow-002,interaction,8,opencode,minimax/MiniMax-M2.7,false,115.2,completed,794,1146,1940,0.0051,1,1,1,80,1.00,0.0,uiflow=F;file=P,uiflow:The flow could not be driven in default: step 0 (tap) failed: element not found (after scroll): export-button | file:1 file assertion(s) satisfied,2026-09-03T135452-g2-flow-002-opencode
g2-flow-003,interaction,7,opencode,minimax/MiniMax-M2.7,true,98.2,completed,291,745,1036,0.0039,1,1,1,70,1.00,70.0,uiflow=P;uiflow=P;uiflow=P,uiflow:3 UI assertion(s) hold in default | uiflow:1 UI assertion(s) hold in default | uiflow:1 UI assertion(s) hold in default,2026-09-03T135652-g2-flow-003-opencode
g2-lifecycle-002,runtime,9,opencode,minimax/MiniMax-M2.7,false,174.2,completed,1334,839,2173,0.0040,0,0,0,90,1.00,0.0,uiflow=P;uiflow=F,"uiflow:1 UI assertion(s) hold in default | uiflow:2 of 2 UI assertion(s) failed in default: no element on screen shows ""Book the ferry""; ""Nothing saved"" is on screen, in ""Nothing saved""",2026-09-03T135832-g2-lifecycle-002-opencode
g2-locale-001,frameworks,8,opencode,minimax/MiniMax-M2.7,false,172.6,completed,1865,1472,3337,0.0074,1,2,4,80,1.00,0.0,uiflow=F;uiflow=P,"uiflow:1 of 1 UI assertion(s) failed in language=en locale=en_US: ""Bengtsson"" comes before ""Åberg"" on screen; expected ""Åberg"", ""Bengtsson"", ""Öhlin"", ""Olsen"", ""Zetterlund"" | uiflow:1 UI assertion(s) hold in language=sv locale=sv_SE",2026-09-03T140127-g2-locale-001-opencode
g2-locale-002,frameworks,9,opencode,minimax/MiniMax-M2.7,true,182.4,completed,1110,1488,2598,0.0073,1,1,3,90,1.00,90.0,uiflow=P;uiflow=P;file=P,uiflow:4 UI assertion(s) hold in language=en locale=en_US | uiflow:6 UI assertion(s) hold in language=tr locale=tr_TR | file:2 file assertion(s) satisfied,2026-09-03T140425-g2-locale-002-opencode
g2-locale-003,frameworks,8,opencode,minimax/MiniMax-M2.7,true,194.2,completed,1618,1908,3526,0.0097,1,22,10,80,1.00,80.0,uiflow=P;uiflow=P;file=P,uiflow:3 UI assertion(s) hold in language=en locale=en_US | uiflow:4 UI assertion(s) hold in language=sv locale=sv_SE | file:2 file assertion(s) satisfied,2026-09-03T140731-g2-locale-003-opencode
g2-locale-004,frameworks,9,opencode,minimax/MiniMax-M2.7,false,284.0,completed,1154,1712,2866,0.0103,1,4,3,90,1.00,0.0,uiflow=F;uiflow=F;file=P,"uiflow:2 of 2 UI assertion(s) failed in language=en locale=en_US: no element on screen shows ""3/4/26""; no element on screen shows ""11/9/26"" | uiflow:2 of 3 UI assertion(s) failed in language=de locale=de_DE: no element on screen shows ""04.03.26""; no element on screen shows ""09.11.26"" | file:2 file assertion(s) satisfied",2026-09-03T141050-g2-locale-004-opencode
g2-order-001,interaction,9,opencode,minimax/MiniMax-M2.7,true,188.4,completed,796,4210,5006,0.0099,1,10,5,90,1.00,90.0,uiflow=P;uiflow=P;uiflow=P;file=P,uiflow:1 UI assertion(s) hold in default | uiflow:1 UI assertion(s) hold in default | uiflow:1 UI assertion(s) hold in default | file:2 file assertion(s) satisfied,2026-09-03T141538-g2-order-001-opencode
g2-order-002,interaction,9,opencode,minimax/MiniMax-M2.7,false,140.6,completed,2891,1717,4608,0.0088,1,7,5,90,1.00,0.0,uiflow=P;uiflow=F,"uiflow:2 UI assertion(s) hold in default | uiflow:1 of 5 UI assertion(s) failed in default: ""Row 3"" is on screen, in ""Row 3""",2026-09-03T141851-g2-order-002-opencode
healthkit-001,frameworks,6,opencode,minimax/MiniMax-M2.7,false,254.6,completed,15612,5765,21377,0.0485,2,75,2,60,1.00,0.0,build=P;xcodeproj=F;xctest=P,"build:xcodebuild build succeeded for scheme 'Healthkit001Fixture' | xcodeproj:2 of 2 project assertion(s) failed — Info.plist key NSHealthShareUsageDescription is not set; Info.plist key NSHealthUpdateUsageDescription is not set | xctest:3 executed, 3 passed, 0 failed, 0 skipped",2026-09-02T165716-healthkit-001-opencode
healthkit-001,frameworks,6,opencode,minimax/MiniMax-M3,false,220.4,completed,39524,17267,56791,0.0671,3,51,3,60,0.88,0.0,build=P;xcodeproj=F;xctest=P,"build:xcodebuild build succeeded for scheme 'Healthkit001Fixture' | xcodeproj:1 of 2 project assertion(s) failed — Info.plist key NSHealthUpdateUsageDescription is not set | xctest:3 executed, 3 passed, 0 failed, 0 skipped",2026-09-02T111721-healthkit-001-opencode
interaction-001,interaction,1,opencode,minimax/MiniMax-M3,true,94.8,completed,8358,1255,9613,0.0087,2,2,2,10,1.00,10.0,build=P;xcuitest=P,"build:xcodebuild build succeeded for scheme 'CartFixture' | xcuitest:1 executed, 1 passed, 0 failed, 0 skipped",2026-09-01T160020-interaction-001-opencode
interaction-001,interaction,1,opencode,minimax/MiniMax-M3,true,83.5,completed,6995,766,7761,0.0070,2,2,2,10,1.00,10.0,build=P;xcuitest=P,"build:xcodebuild build succeeded for scheme 'CartFixture' | xcuitest:1 executed, 1 passed, 0 failed, 0 skipped",2026-09-01T170119-interaction-001-opencode
interaction-001,interaction,1,opencode,minimax/MiniMax-M3,true,129.2,completed,15272,1981,17253,0.0149,3,5,2,10,1.00,10.0,build=P;xcuitest=P,"build:xcodebuild build succeeded for scheme 'CartFixture' | xcuitest:1 executed, 1 passed, 0 failed, 0 skipped",2026-09-02T041810-interaction-001-opencode
interaction-001,interaction,1,opencode,minimax/MiniMax-M2.7,true,112.7,completed,1422,1066,2488,0.0053,2,2,2,10,1.00,10.0,build=P;xcuitest=P,"build:xcodebuild build succeeded for scheme 'CartFixture' | xcuitest:1 executed, 1 passed, 0 failed, 0 skipped",2026-09-02T121109-interaction-001-opencode
interaction-001,interaction,1,opencode,minimax/MiniMax-M2.7,true,171.0,completed,2624,1358,3982,0.0073,2,2,2,10,1.00,10.0,build=P;xcuitest=P;mutation=P,"build:xcodebuild build succeeded for scheme 'CartFixture' | xcuitest:1 executed, 1 passed, 0 failed, 0 skipped | mutation:The tests failed against a deliberately broken app, so they test the behaviour they claim (Sources/CartView.swift: "".accessibilityIdentifier(""cart-item-\(index)"")"" → "".accessibilityIdentifier(""cart-item-\(index)-mutated"")"")",2026-09-03T142116-interaction-001-opencode
interaction-002,interaction,2,opencode,minimax/MiniMax-M2.7,true,132.9,completed,984,670,1654,0.0044,1,1,1,20,1.00,20.0,build=P;xcuitest=P,"build:xcodebuild build succeeded for scheme 'SearchFixture' | xcuitest:2 executed, 2 passed, 0 failed, 0 skipped",2026-09-02T121307-interaction-002-opencode
interaction-002,interaction,2,opencode,minimax/MiniMax-M3,true,83.7,completed,13001,560,13561,0.0071,1,1,1,20,1.00,20.0,build=P;xcuitest=P,"build:xcodebuild build succeeded for scheme 'SearchFixture' | xcuitest:2 executed, 2 passed, 0 failed, 0 skipped",2026-09-01T170246-interaction-002-opencode
interaction-002,interaction,2,opencode,minimax/MiniMax-M2.7,true,175.8,completed,284,585,869,0.0041,1,1,1,20,1.00,20.0,build=P;xcuitest=P;mutation=P,"build:xcodebuild build succeeded for scheme 'SearchFixture' | xcuitest:2 executed, 2 passed, 0 failed, 0 skipped | mutation:The tests failed against a deliberately broken app, so they test the behaviour they claim (Sources/PartsSearchView.swift: "".accessibilityIdentifier(""result-\(index)"")"" → "".accessibilityIdentifier(""result-\(index)-mutated"")"")",2026-09-03T142409-interaction-002-opencode
interaction-002,interaction,2,opencode,minimax/MiniMax-M3,true,143.5,completed,17034,409,17443,0.0068,1,1,1,20,1.00,20.0,build=P;xcuitest=P,"build:xcodebuild build succeeded for scheme 'SearchFixture' | xcuitest:2 executed, 2 passed, 0 failed, 0 skipped",2026-09-02T042024-interaction-002-opencode
interaction-002,interaction,2,opencode,minimax/MiniMax-M3,true,94.2,completed,24106,490,24596,0.0087,1,1,1,20,1.00,20.0,build=P;xcuitest=P,"build:xcodebuild build succeeded for scheme 'SearchFixture' | xcuitest:2 executed, 2 passed, 0 failed, 0 skipped",2026-09-01T160158-interaction-002-opencode
interaction-003,interaction,3,opencode,minimax/MiniMax-M2.7,true,149.8,completed,1015,1382,2397,0.0056,1,1,0,30,1.00,30.0,build=P;xcuitest=P;mutation=P,"build:xcodebuild build succeeded for scheme 'RefreshFixture' | xcuitest:1 executed, 1 passed, 0 failed, 0 skipped | mutation:The tests failed against a deliberately broken app, so they test the behaviour they claim (Sources/ReportView.swift: "".accessibilityIdentifier(""row-\(index)"")"" → "".accessibilityIdentifier(""row-\(index)-mutated"")"")",2026-09-03T142708-interaction-003-opencode
interaction-003,interaction,3,opencode,minimax/MiniMax-M3,true,79.2,completed,7853,960,8813,0.0055,1,1,0,30,1.00,30.0,build=P;xcuitest=P,"build:xcodebuild build succeeded for scheme 'RefreshFixture' | xcuitest:1 executed, 1 passed, 0 failed, 0 skipped",2026-09-01T160337-interaction-003-opencode
interaction-003,interaction,3,opencode,minimax/MiniMax-M3,true,72.2,completed,7327,871,8198,0.0072,1,1,0,30,1.00,30.0,build=P;xcuitest=P,"build:xcodebuild build succeeded for scheme 'RefreshFixture' | xcuitest:1 executed, 1 passed, 0 failed, 0 skipped",2026-09-01T170414-interaction-003-opencode
interaction-003,interaction,3,opencode,minimax/MiniMax-M3,false,146.0,completed,8604,1095,9699,0.0058,1,1,0,30,1.00,0.0,build=P;xcuitest=F,"build:xcodebuild build succeeded for scheme 'RefreshFixture' | xcuitest:0 executed, 0 passed, 0 failed, 0 skipped — no tests executed",2026-09-02T042252-interaction-003-opencode
interaction-003,interaction,3,opencode,minimax/MiniMax-M2.7,true,234.8,completed,1939,1849,3788,0.0109,1,1,0,30,1.00,30.0,build=P;xcuitest=P,"build:xcodebuild build succeeded for scheme 'RefreshFixture' | xcuitest:1 executed, 1 passed, 0 failed, 0 skipped",2026-09-02T121524-interaction-003-opencode
interaction-004,interaction,4,opencode,minimax/MiniMax-M2.7,true,257.0,completed,2286,2345,4631,0.0101,1,7,1,40,1.00,40.0,build=P;xcuitest=P,"build:xcodebuild build succeeded for scheme 'FormFlowFixture' | xcuitest:2 executed, 2 passed, 0 failed, 0 skipped",2026-09-02T121923-interaction-004-opencode
interaction-004,interaction,4,opencode,minimax/MiniMax-M3,true,99.8,completed,16125,1576,17701,0.0089,1,4,14,40,1.00,40.0,build=P;xcuitest=P,"build:xcodebuild build succeeded for scheme 'FormFlowFixture' | xcuitest:2 executed, 2 passed, 0 failed, 0 skipped",2026-09-01T170530-interaction-004-opencode
interaction-004,interaction,4,opencode,minimax/MiniMax-M3,true,148.6,completed,7642,3102,10744,0.0113,1,4,14,40,1.00,40.0,build=P;xcuitest=P,"build:xcodebuild build succeeded for scheme 'FormFlowFixture' | xcuitest:2 executed, 2 passed, 0 failed, 0 skipped",2026-09-01T160502-interaction-004-opencode
interaction-004,interaction,4,opencode,minimax/MiniMax-M3,true,228.2,completed,21714,5855,27569,0.0305,1,18,8,40,1.00,40.0,build=P;xcuitest=P,"build:xcodebuild build succeeded for scheme 'FormFlowFixture' | xcuitest:2 executed, 2 passed, 0 failed, 0 skipped",2026-09-02T042519-interaction-004-opencode
interaction-004,interaction,4,opencode,minimax/MiniMax-M2.7,true,340.7,completed,2464,3140,5604,0.0134,1,9,0,40,1.00,40.0,build=P;xcuitest=P;mutation=P,"build:xcodebuild build succeeded for scheme 'FormFlowFixture' | xcuitest:2 executed, 2 passed, 0 failed, 0 skipped | mutation:The tests failed against a deliberately broken app, so they test the behaviour they claim (Sources/EnrolmentFlowView.swift: "".accessibilityIdentifier(""full-name"")"" → "".accessibilityIdentifier(""full-name-mutated"")"")",2026-09-03T142942-interaction-004-opencode
interaction-005,interaction,5,opencode,minimax/MiniMax-M3,false,1859.4,timeout,,,,,4,685,1,50,0.25,0.0,build=P;file=F,build:xcodebuild build succeeded for scheme 'GestureFixture' | file:gesture-log.txt: expected to exist; gesture-log.txt: unreadable or missing; gesture-log.txt: unreadable or missing; gesture-log.txt: unreadable or missing; gesture-log.txt: unreadable or missing; gesture-log.txt: unreadable or missing; gesture-log.txt: unreadable or missing; gesture-log.txt: unreadable or missing,2026-09-01T160735-interaction-005-opencode
interaction-005,interaction,5,opencode,minimax/MiniMax-M3,true,1428.3,completed,116377,55141,171518,0.3565,5,706,0,50,0.29,14.6,build=P;file=P,build:xcodebuild build succeeded for scheme 'GestureFixture' | file:8 file assertion(s) satisfied,2026-09-02T042911-interaction-005-opencode
interaction-005,interaction,5,opencode,minimax/MiniMax-M3,true,1878.9,timeout,,,,,4904,159911,2,50,0.25,12.5,build=P;file=P,build:xcodebuild build succeeded for scheme 'GestureFixture' | file:8 file assertion(s) satisfied,2026-09-01T170714-interaction-005-opencode
interaction-005,interaction,5,opencode,minimax/MiniMax-M2.7,false,1633.6,completed,26833,92419,119252,1.4201,1,114,0,50,0.42,0.0,build=P;file=F,build:xcodebuild build succeeded for scheme 'GestureFixture' | file:gesture-log.txt: expected to exist; gesture-log.txt: unreadable or missing; gesture-log.txt: unreadable or missing; gesture-log.txt: unreadable or missing; gesture-log.txt: unreadable or missing; gesture-log.txt: unreadable or missing; gesture-log.txt: unreadable or missing; gesture-log.txt: unreadable or missing,2026-09-02T122344-interaction-005-opencode
mapkit-001,frameworks,4,opencode,minimax/MiniMax-M2.7,false,23.4,completed,115,865,980,0.0040,1,1,4,40,1.00,0.0,build=F;xctest=F,"build:xcodebuild build failed (exit 65) for scheme 'Mapkit001Fixture' | xctest:0 executed, 0 passed, 0 failed, 0 skipped — no tests executed",2026-09-02T170131-mapkit-001-opencode
mapkit-001,frameworks,4,opencode,minimax/MiniMax-M3,true,49.7,completed,12327,1579,13906,0.0093,1,5,2,40,1.00,40.0,build=P;xctest=P,"build:xcodebuild build succeeded for scheme 'Mapkit001Fixture' | xctest:3 executed, 3 passed, 0 failed, 0 skipped",2026-09-02T112102-mapkit-001-opencode
networking-001,frameworks,4,opencode,minimax/MiniMax-M3,true,82.8,completed,16118,2346,18464,0.0142,1,6,1,40,1.00,40.0,build=P;xctest=P,"build:xcodebuild build succeeded for scheme 'Networking001Fixture' | xctest:3 executed, 3 passed, 0 failed, 0 skipped",2026-09-02T112152-networking-001-opencode
networking-001,frameworks,4,opencode,minimax/MiniMax-M2.7,true,64.5,completed,2417,1563,3980,0.0094,1,6,1,40,1.00,40.0,build=P;xctest=P,"build:xcodebuild build succeeded for scheme 'Networking001Fixture' | xctest:3 executed, 3 passed, 0 failed, 0 skipped",2026-09-02T170156-networking-001-opencode
networking-002,frameworks,3,opencode,minimax/MiniMax-M3,true,35.4,completed,7254,462,7716,0.0050,1,1,1,30,1.00,30.0,build=P;xctest=P,"build:xcodebuild build succeeded for scheme 'Networking002Fixture' | xctest:3 executed, 3 passed, 0 failed, 0 skipped",2026-09-02T112316-networking-002-opencode
networking-002,frameworks,3,opencode,minimax/MiniMax-M2.7,true,46.5,completed,351,599,950,0.0038,1,1,1,30,1.00,30.0,build=P;xctest=P,"build:xcodebuild build succeeded for scheme 'Networking002Fixture' | xctest:3 executed, 3 passed, 0 failed, 0 skipped",2026-09-02T170301-networking-002-opencode
networking-003,frameworks,6,opencode,minimax/MiniMax-M2.7,true,31.9,completed,455,784,1239,0.0047,1,3,0,60,1.00,60.0,build=P;xctest=P,"build:xcodebuild build succeeded for scheme 'Networking003Fixture' | xctest:3 executed, 3 passed, 0 failed, 0 skipped",2026-09-02T170348-networking-003-opencode
networking-003,frameworks,6,opencode,minimax/MiniMax-M3,true,43.5,completed,6771,1211,7982,0.0065,1,3,0,60,1.00,60.0,build=P;xctest=P,"build:xcodebuild build succeeded for scheme 'Networking003Fixture' | xctest:3 executed, 3 passed, 0 failed, 0 skipped",2026-09-02T112352-networking-003-opencode
networking-004,frameworks,4,opencode,minimax/MiniMax-M3,true,44.2,completed,8268,978,9246,0.0064,1,1,0,40,1.00,40.0,build=P;xctest=P,"build:xcodebuild build succeeded for scheme 'Networking004Fixture' | xctest:2 executed, 2 passed, 0 failed, 0 skipped",2026-09-02T112436-networking-004-opencode
networking-004,frameworks,4,opencode,minimax/MiniMax-M2.7,false,94.8,completed,900,2098,2998,0.0100,1,1,0,40,1.00,0.0,build=P;xctest=F,"build:xcodebuild build succeeded for scheme 'Networking004Fixture' | xctest:2 executed, 0 passed, 2 failed, 0 skipped — failing: ReadingsLoaderTests/testReadingsDecode(), ReadingsLoaderTests/testTheTimestampIsTheOneTheServiceSent()",2026-09-02T170421-networking-004-opencode
networking-005,frameworks,3,opencode,minimax/MiniMax-M2.7,false,48.2,completed,173,705,878,0.0044,1,2,1,30,1.00,0.0,build=P;xctest=F,"build:xcodebuild build succeeded for scheme 'Networking005Fixture' | xctest:4 executed, 3 passed, 1 failed, 0 skipped — failing: SearchURLTests/testASearchWithAnAmpersand()",2026-09-02T170557-networking-005-opencode
networking-005,frameworks,3,opencode,minimax/MiniMax-M3,true,64.0,completed,12966,1783,14749,0.0107,1,6,1,30,1.00,30.0,build=P;xctest=P,"build:xcodebuild build succeeded for scheme 'Networking005Fixture' | xctest:4 executed, 4 passed, 0 failed, 0 skipped",2026-09-02T112521-networking-005-opencode
networking-006,frameworks,4,opencode,minimax/MiniMax-M2.7,true,46.1,completed,248,719,967,0.0040,1,1,1,40,1.00,40.0,build=P;xctest=P,"build:xcodebuild build succeeded for scheme 'Networking006Fixture' | xctest:3 executed, 3 passed, 0 failed, 0 skipped",2026-09-02T170645-networking-006-opencode
networking-006,frameworks,4,opencode,minimax/MiniMax-M3,true,29.6,completed,12707,723,13430,0.0072,1,1,2,40,1.00,40.0,build=P;xctest=P,"build:xcodebuild build succeeded for scheme 'Networking006Fixture' | xctest:3 executed, 3 passed, 0 failed, 0 skipped",2026-09-02T112626-networking-006-opencode
networking-007,frameworks,3,opencode,minimax/MiniMax-M2.7,true,79.8,completed,7259,945,8204,0.0085,1,1,0,30,1.00,30.0,build=P;xctest=P,"build:xcodebuild build succeeded for scheme 'Networking007Fixture' | xctest:3 executed, 3 passed, 0 failed, 0 skipped",2026-09-02T170732-networking-007-opencode
networking-007,frameworks,3,opencode,minimax/MiniMax-M3,true,58.5,completed,21717,588,22305,0.0087,1,1,0,30,1.00,30.0,build=P;xctest=P,"build:xcodebuild build succeeded for scheme 'Networking007Fixture' | xctest:3 executed, 3 passed, 0 failed, 0 skipped",2026-09-02T112656-networking-007-opencode
networking-008,frameworks,5,opencode,minimax/MiniMax-M3,true,46.4,completed,8050,804,8854,0.0062,1,1,1,50,1.00,50.0,build=P;xctest=P,"build:xcodebuild build succeeded for scheme 'Networking008Fixture' | xctest:3 executed, 3 passed, 0 failed, 0 skipped",2026-09-02T112755-networking-008-opencode
networking-008,frameworks,5,opencode,minimax/MiniMax-M2.7,true,126.9,completed,927,786,1713,0.0046,1,1,1,50,1.00,50.0,build=P;xctest=P,"build:xcodebuild build succeeded for scheme 'Networking008Fixture' | xctest:3 executed, 3 passed, 0 failed, 0 skipped",2026-09-02T170853-networking-008-opencode
ops-001,ops,1,opencode,minimax/MiniMax-M2.7,true,38.4,completed,15330,774,16104,0.0169,1,238,0,10,1.00,10.0,build=P;file=P,build:xcodebuild build succeeded for scheme 'ConcurrencyFixture' | file:1 file assertion(s) satisfied,2026-09-02T125058-ops-001-opencode
ops-001,ops,1,opencode,minimax/MiniMax-M3,true,228.6,completed,55921,4224,60145,0.0532,2279,3689,0,10,0.83,8.3,build=P;file=P,build:xcodebuild build succeeded for scheme 'ConcurrencyFixture' | file:1 file assertion(s) satisfied,2026-09-01T173835-ops-001-opencode
ops-001,ops,1,opencode,minimax/MiniMax-M3,true,77.5,completed,66785,2356,69141,0.0354,2279,3674,0,10,0.72,7.2,build=P;file=P,build:xcodebuild build succeeded for scheme 'ConcurrencyFixture' | file:1 file assertion(s) satisfied,2026-09-02T045300-ops-001-opencode
ops-001,ops,1,opencode,minimax/MiniMax-M3,true,56.8,completed,22981,2464,25445,0.0329,1,433,0,10,1.00,10.0,build=P;file=P,build:xcodebuild build succeeded for scheme 'ConcurrencyFixture' | file:1 file assertion(s) satisfied,2026-09-01T163835-ops-001-opencode
ops-002,ops,2,opencode,minimax/MiniMax-M3,true,74.7,completed,34474,3700,38174,0.0428,1,26,0,20,1.00,20.0,file=P,file:4 file assertion(s) satisfied,2026-09-01T163932-ops-002-opencode
ops-002,ops,2,opencode,minimax/MiniMax-M2.7,true,112.3,completed,15443,787,16230,0.0155,1,11,0,20,1.00,20.0,file=P,file:4 file assertion(s) satisfied,2026-09-02T125137-ops-002-opencode
ops-002,ops,2,opencode,minimax/MiniMax-M3,true,80.2,completed,29522,1863,31385,0.0298,1,24,0,20,1.00,20.0,file=P,file:4 file assertion(s) satisfied,2026-09-02T045419-ops-002-opencode
ops-002,ops,2,opencode,minimax/MiniMax-M3,true,67.5,completed,37484,2913,40397,0.0393,1,27,0,20,1.00,20.0,file=P,file:4 file assertion(s) satisfied,2026-09-01T174225-ops-002-opencode
ops-003,ops,3,opencode,minimax/MiniMax-M2.7,true,119.4,completed,17210,2304,19514,0.0305,1,0,0,30,1.00,30.0,build=P;runtime=P;file=P,build:xcodebuild build succeeded for scheme 'NavigationFixture' | runtime:Process survived 6s observation window | file:2 file assertion(s) satisfied,2026-09-02T125330-ops-003-opencode
ops-003,ops,3,opencode,minimax/MiniMax-M3,true,132.8,completed,22684,1573,24257,0.0225,1828,1604,0,30,1.00,30.0,build=P;runtime=P;file=P,build:xcodebuild build succeeded for scheme 'NavigationFixture' | runtime:Process survived 6s observation window | file:2 file assertion(s) satisfied,2026-09-02T045539-ops-003-opencode
ops-003,ops,3,opencode,minimax/MiniMax-M3,true,200.9,completed,18595,1745,20340,0.0237,1829,1604,0,30,1.00,30.0,build=P;runtime=P;file=P,build:xcodebuild build succeeded for scheme 'NavigationFixture' | runtime:Process survived 6s observation window | file:2 file assertion(s) satisfied,2026-09-01T174337-ops-003-opencode
ops-004,ops,3,opencode,openrouter/minimax/minimax-m3,false,12.4,failed,,,,,0,0,0,30,0.25,0.0,build=P;file=F,build:xcodebuild build succeeded for scheme 'BuildFixture' | file:clean-report.md: expected to exist; clean-report.md: unreadable or missing,2026-09-01T151829-ops-004-opencode
ops-004,ops,3,opencode,minimax/minimax-m3,false,7.4,failed,,,,,0,0,0,30,0.25,0.0,build=P;file=F,build:xcodebuild build succeeded for scheme 'BuildFixture' | file:clean-report.md: expected to exist; clean-report.md: unreadable or missing,2026-09-01T151857-ops-004-opencode
ops-004,ops,3,opencode,openrouter/minimax/minimax-m3,false,8.6,failed,,,,,0,0,0,30,0.25,0.0,build=P;file=F,build:xcodebuild build succeeded for scheme 'BuildFixture' | file:clean-report.md: expected to exist; clean-report.md: unreadable or missing,2026-09-01T153755-ops-004-opencode
ops-004,ops,3,opencode,minimax/minimax-m3,false,8.1,failed,,,,,0,0,0,30,0.25,0.0,build=P;file=F,build:xcodebuild build succeeded for scheme 'BuildFixture' | file:clean-report.md: expected to exist; clean-report.md: unreadable or missing,2026-09-01T151926-ops-004-opencode
ops-004,ops,3,opencode,minimax/MiniMax-M3,true,90.1,completed,12497,4651,17148,0.0226,1,42,0,30,1.00,30.0,build=P;file=P,build:xcodebuild build succeeded for scheme 'BuildFixture' | file:2 file assertion(s) satisfied,2026-09-01T155142-ops-004-opencode
ops-004,ops,3,opencode,minimax/minimax-m3,false,9.3,failed,,,,,0,0,0,30,0.25,0.0,build=P;file=F,build:xcodebuild build succeeded for scheme 'BuildFixture' | file:clean-report.md: expected to exist; clean-report.md: unreadable or missing,2026-09-01T154045-ops-004-opencode
ops-005,ops,4,opencode,minimax/MiniMax-M3,true,228.3,completed,21225,2990,24215,0.0225,1837,2842,0,40,1.00,40.0,build=P;runtime=P;file=P,build:xcodebuild build succeeded for scheme 'DecodingFixture' | runtime:Process survived 4s observation window | file:1 file assertion(s) satisfied,2026-09-02T045756-ops-005-opencode
ops-005,ops,4,opencode,minimax/MiniMax-M2.7,true,251.6,completed,60036,5205,65241,0.1281,1,277,0,40,0.77,30.7,build=P;runtime=P;file=P,build:xcodebuild build succeeded for scheme 'DecodingFixture' | runtime:Process survived 4s observation window | file:1 file assertion(s) satisfied,2026-09-02T125534-ops-005-opencode
ops-005,ops,4,opencode,minimax/MiniMax-M3,true,157.1,completed,35326,2226,37552,0.0270,1838,2913,0,40,1.00,40.0,build=P;runtime=P;file=P,build:xcodebuild build succeeded for scheme 'DecodingFixture' | runtime:Process survived 4s observation window | file:1 file assertion(s) satisfied,2026-09-01T174658-ops-005-opencode
ops-006,ops,2,opencode,minimax/MiniMax-M3,true,20.4,completed,5703,269,5972,0.0035,1,8,0,20,1.00,20.0,build=P;file=P,build:xcodebuild build succeeded for scheme 'InfoPlistFixture' | file:3 file assertion(s) satisfied,2026-09-01T174941-ops-006-opencode
ops-006,ops,2,opencode,minimax/MiniMax-M3,true,50.7,completed,23377,943,24320,0.0133,1,8,0,20,1.00,20.0,build=P;file=P,build:xcodebuild build succeeded for scheme 'InfoPlistFixture' | file:3 file assertion(s) satisfied,2026-09-02T050149-ops-006-opencode
ops-006,ops,2,opencode,minimax/MiniMax-M2.7,true,24.9,completed,0,422,422,0.0037,1,6,0,20,1.00,20.0,build=P;file=P,build:xcodebuild build succeeded for scheme 'InfoPlistFixture' | file:3 file assertion(s) satisfied,2026-09-02T125949-ops-006-opencode
ops-007,ops,4,opencode,minimax/MiniMax-M2.7,false,41.4,completed,120,1419,1539,0.0058,0,0,0,40,1.00,0.0,build=P;file=F,build:xcodebuild build succeeded for scheme 'BuildFixture' | file:simulator-status.txt: expected to exist; simulator-status.txt: unreadable or missing; simulator-status.txt: unreadable or missing,2026-09-02T130016-ops-007-opencode
ops-007,ops,4,opencode,minimax/MiniMax-M3,true,37.0,completed,12737,2911,15648,0.0120,1,5,0,40,1.00,40.0,build=P;file=P,build:xcodebuild build succeeded for scheme 'BuildFixture' | file:3 file assertion(s) satisfied,2026-09-02T050241-ops-007-opencode
ops-007,ops,4,opencode,minimax/MiniMax-M3,true,35.1,completed,9014,808,9822,0.0078,1,4,0,40,1.00,40.0,build=P;file=P,build:xcodebuild build succeeded for scheme 'BuildFixture' | file:3 file assertion(s) satisfied,2026-09-01T175001-ops-007-opencode
ops-008,ops,5,opencode,minimax/MiniMax-M2.7,true,54.5,completed,105,747,852,0.0050,1,16,0,50,1.00,50.0,build=P;file=P,build:xcodebuild build succeeded for scheme 'BuildFixture' | file:3 file assertion(s) satisfied,2026-09-02T130057-ops-008-opencode
ops-008,ops,5,opencode,minimax/MiniMax-M3,true,30.0,completed,7384,836,8220,0.0055,1,16,0,50,1.00,50.0,build=P;file=P,build:xcodebuild build succeeded for scheme 'BuildFixture' | file:3 file assertion(s) satisfied,2026-09-02T050318-ops-008-opencode
ops-008,ops,5,opencode,minimax/MiniMax-M3,true,39.1,completed,19308,684,19992,0.0093,1,16,0,50,1.00,50.0,build=P;file=P,build:xcodebuild build succeeded for scheme 'BuildFixture' | file:3 file assertion(s) satisfied,2026-09-01T175037-ops-008-opencode
ops-009,ops,6,opencode,minimax/MiniMax-M2.7,false,545.1,completed,44865,22566,67431,0.2395,4,76,0,60,0.74,0.0,build=P;file=F,build:xcodebuild build succeeded for scheme 'BuildFixture' | file:Sources/ContentView.swift: does not contain expected text,2026-09-02T130153-ops-009-opencode
ops-009,ops,6,opencode,minimax/MiniMax-M3,true,1280.9,completed,684740,40235,724975,0.9490,6,113,0,60,0.25,15.0,build=P;file=P,build:xcodebuild build succeeded for scheme 'BuildFixture' | file:3 file assertion(s) satisfied,2026-09-01T175118-ops-009-opencode
ops-009,ops,6,opencode,minimax/MiniMax-M3,true,283.3,completed,44747,10979,55726,0.0903,3299,4899,0,60,0.90,53.8,build=P;file=P,build:xcodebuild build succeeded for scheme 'BuildFixture' | file:3 file assertion(s) satisfied,2026-09-02T050349-ops-009-opencode
ops-010,ops,5,opencode,minimax/MiniMax-M2.7,true,265.7,completed,24482,11068,35550,0.1107,4,64,0,50,1.00,50.0,build=P;runtime=P;file=P,build:xcodebuild build succeeded for scheme 'NavigationFixture' | runtime:Process survived 5s observation window | file:2 file assertion(s) satisfied,2026-09-02T131059-ops-010-opencode
ops-010,ops,5,opencode,minimax/MiniMax-M3,true,1635.2,timeout,,,,,7515,6519,2,50,0.25,12.5,build=P;runtime=P;file=P,build:xcodebuild build succeeded for scheme 'NavigationFixture' | runtime:Process survived 5s observation window | file:2 file assertion(s) satisfied,2026-09-01T181240-ops-010-opencode
ops-010,ops,5,opencode,minimax/MiniMax-M3,true,1575.2,timeout,552383,26793,579176,0.4940,1829,1666,1,50,0.25,12.5,build=P;runtime=P;file=P,build:xcodebuild build succeeded for scheme 'NavigationFixture' | runtime:Process survived 5s observation window | file:2 file assertion(s) satisfied,2026-09-02T050834-ops-010-opencode
ops-011,ops,3,opencode,minimax/MiniMax-M2.7,false,17.5,completed,0,248,248,0.0024,0,0,0,30,1.00,0.0,build=P;file=F,build:xcodebuild build succeeded for scheme 'BuildFixture' | file:devices.txt: expected to exist; devices.txt: unreadable or missing; devices.txt: unreadable or missing,2026-09-02T131529-ops-011-opencode
ops-011,ops,3,opencode,minimax/MiniMax-M3,true,24.3,completed,13005,550,13555,0.0056,1,8,0,30,1.00,30.0,build=P;file=P,build:xcodebuild build succeeded for scheme 'BuildFixture' | file:3 file assertion(s) satisfied,2026-09-02T053454-ops-011-opencode
ops-011,ops,3,opencode,minimax/MiniMax-M3,false,28.2,completed,7259,1151,8410,0.0070,1,4,0,30,1.00,0.0,build=P;file=F,build:xcodebuild build succeeded for scheme 'BuildFixture' | file:devices.txt: does not contain expected text,2026-09-01T184001-ops-011-opencode
ops-012,ops,9,opencode,minimax/MiniMax-M3,true,238.9,completed,33607,12799,46406,0.0773,3543,5961,0,90,1.00,90.0,build=P;file=P,build:xcodebuild build succeeded for scheme 'ConcurrencyFixture' | file:4 file assertion(s) satisfied,2026-09-02T053519-ops-012-opencode
ops-012,ops,9,opencode,minimax/MiniMax-M2.7,true,159.4,completed,49363,5871,55234,0.0889,9,723,0,90,0.91,81.5,build=P;file=P,build:xcodebuild build succeeded for scheme 'ConcurrencyFixture' | file:4 file assertion(s) satisfied,2026-09-02T131547-ops-012-opencode
ops-013,ops,7,opencode,minimax/MiniMax-M3,false,70.3,completed,16029,3059,19088,0.0129,1,37,0,70,1.00,0.0,build=P;file=F,build:xcodebuild build succeeded for scheme 'BuildFixture' | file:lifecycle-report.md: does not match /exit.?code/,2026-09-02T053937-ops-013-opencode
ops-013,ops,7,opencode,minimax/MiniMax-M2.7,false,69.4,completed,3924,2351,6275,0.0186,0,0,0,70,1.00,0.0,build=P;file=F,build:xcodebuild build succeeded for scheme 'BuildFixture' | file:lifecycle-report.md: expected to exist; lifecycle-report.md: unreadable or missing; lifecycle-report.md: unreadable or missing; lifecycle-report.md: unreadable or missing; lifecycle-report.md: unreadable or missing; lifecycle-report.md: unreadable or missing; lifecycle-report.md: unreadable or missing,2026-09-02T131827-ops-013-opencode
ops-014,ops,5,opencode,minimax/MiniMax-M2.7,true,150.4,completed,8783,4049,12832,0.0384,1,5,0,50,1.00,50.0,build=P;file=P,build:xcodebuild build succeeded for scheme 'NavigationFixture' | file:4 file assertion(s) satisfied,2026-09-02T131937-ops-014-opencode
ops-014,ops,5,opencode,minimax/MiniMax-M3,true,206.7,completed,66574,5758,72332,0.0514,2278,3036,0,50,0.69,34.6,build=P;file=P,build:xcodebuild build succeeded for scheme 'NavigationFixture' | file:4 file assertion(s) satisfied,2026-09-02T054048-ops-014-opencode
ops-015,ops,7,opencode,minimax/MiniMax-M2.7,true,108.7,completed,3269,3487,6756,0.0160,2139,4004,0,70,1.00,70.0,build=P;file=P,build:xcodebuild build succeeded for scheme 'ScratchApp' | file:3 file assertion(s) satisfied,2026-09-02T132208-ops-015-opencode
ops-015,ops,7,opencode,minimax/MiniMax-M3,true,92.3,completed,25382,2923,28305,0.0187,3,104,0,70,1.00,70.0,build=P;file=P,build:xcodebuild build succeeded for scheme 'ScratchApp' | file:3 file assertion(s) satisfied,2026-09-02T054415-ops-015-opencode
ops-016,ops,4,opencode,minimax/MiniMax-M3,true,103.1,completed,21390,3425,24815,0.0246,331,3013,0,40,1.00,40.0,build=P;file=P,build:xcodebuild build succeeded for scheme 'ConcurrencyFixture' | file:5 file assertion(s) satisfied,2026-09-02T054548-ops-016-opencode
ops-016,ops,4,opencode,minimax/MiniMax-M2.7,true,76.6,completed,24433,2086,26519,0.0436,1,4,0,40,1.00,40.0,build=P;file=P,build:xcodebuild build succeeded for scheme 'ConcurrencyFixture' | file:5 file assertion(s) satisfied,2026-09-02T132358-ops-016-opencode
ops-017,ops,7,opencode,minimax/MiniMax-M3,true,116.3,completed,14291,3796,18087,0.0218,2,62,0,70,1.00,70.0,build=P;file=P,build:xcodebuild build succeeded for scheme 'NavigationFixture' | file:4 file assertion(s) satisfied,2026-09-02T054732-ops-017-opencode
ops-017,ops,7,opencode,minimax/MiniMax-M2.7,true,62.7,completed,582,2570,3152,0.0110,3,18,0,70,1.00,70.0,build=P;file=P,build:xcodebuild build succeeded for scheme 'NavigationFixture' | file:4 file assertion(s) satisfied,2026-09-02T132515-ops-017-opencode
ops-018,ops,6,opencode,minimax/MiniMax-M3,true,243.0,completed,37945,15519,53464,0.0820,5,108,10,60,0.94,56.1,build=P;file=P,build:xcodebuild build succeeded for scheme 'BuildFixture' | file:4 file assertion(s) satisfied,2026-09-02T054929-ops-018-opencode
ops-018,ops,6,opencode,minimax/MiniMax-M2.7,true,1276.8,completed,39417,45823,85240,0.4679,6,97,0,60,0.59,35.2,build=P;file=P,build:xcodebuild build succeeded for scheme 'BuildFixture' | file:4 file assertion(s) satisfied,2026-09-02T132618-ops-018-opencode
ops-019,ops,5,opencode,minimax/MiniMax-M2.7,false,44.0,completed,15054,962,16016,0.0153,1,8,0,50,1.00,0.0,build=P;file=F,build:xcodebuild build succeeded for scheme 'BuildFixture' | file:sign-report.txt: does not contain expected text; sign-report.txt: does not contain expected text; sign-report.txt: does not contain expected text,2026-09-02T134736-ops-019-opencode
ops-019,ops,5,opencode,minimax/MiniMax-M3,true,36.4,completed,11413,1832,13245,0.0103,1,37,0,50,1.00,50.0,build=P;file=P,build:xcodebuild build succeeded for scheme 'BuildFixture' | file:5 file assertion(s) satisfied,2026-09-02T055333-ops-019-opencode
ops-020,ops,4,opencode,minimax/MiniMax-M2.7,true,40.5,completed,66511,1408,67919,0.0566,1,3384,0,40,0.74,29.4,build=P;file=P,build:xcodebuild build succeeded for scheme 'BuildFixture' | file:4 file assertion(s) satisfied,2026-09-02T134821-ops-020-opencode
ops-020,ops,4,opencode,minimax/MiniMax-M3,true,70.7,completed,7275,1003,8278,0.0056,1,3377,0,40,1.00,40.0,build=P;file=P,build:xcodebuild build succeeded for scheme 'BuildFixture' | file:4 file assertion(s) satisfied,2026-09-02T055410-ops-020-opencode
ops-021,ops,5,opencode,minimax/MiniMax-M3,true,71.0,completed,15634,1996,17630,0.0139,1,45,0,50,1.00,50.0,build=P;file=P,build:xcodebuild build succeeded for scheme 'BuildFixture' | file:4 file assertion(s) satisfied,2026-09-02T055521-ops-021-opencode
ops-021,ops,5,opencode,minimax/MiniMax-M2.7,false,53.2,completed,230,1800,2030,0.0086,0,0,0,50,1.00,0.0,build=P;file=F,build:xcodebuild build succeeded for scheme 'BuildFixture' | file:clone-rename.md: expected to exist; clone-rename.md: unreadable or missing; clone-rename.md: unreadable or missing; clone-rename.md: unreadable or missing,2026-09-02T134902-ops-021-opencode
ops-022,ops,6,opencode,minimax/MiniMax-M3,true,460.7,completed,56357,3805,60162,0.0320,1,57,0,60,0.83,49.9,build=P;file=P,build:xcodebuild build succeeded for scheme 'BuildFixture' | file:3 file assertion(s) satisfied,2026-09-02T055634-ops-022-opencode
ops-022,ops,6,opencode,minimax/MiniMax-M2.7,true,118.5,completed,219,2093,2312,0.0112,1,25,0,60,1.00,60.0,build=P;file=P,build:xcodebuild build succeeded for scheme 'BuildFixture' | file:3 file assertion(s) satisfied,2026-09-02T134956-ops-022-opencode
ops-023,ops,8,opencode,minimax/MiniMax-M2.7,true,71.0,completed,15901,2412,18313,0.0263,1,73,0,80,1.00,80.0,build=P;file=P,build:xcodebuild build succeeded for scheme 'BuildFixture' | file:4 file assertion(s) satisfied,2026-09-02T135155-ops-023-opencode
ops-023,ops,8,opencode,minimax/MiniMax-M3,true,125.5,completed,30108,6918,37026,0.0559,1,185,0,80,1.00,80.0,build=P;file=P,build:xcodebuild build succeeded for scheme 'BuildFixture' | file:4 file assertion(s) satisfied,2026-09-02T060415-ops-023-opencode
ops-024,ops,7,opencode,minimax/MiniMax-M3,true,51.1,completed,9614,1872,11486,0.0084,1,148,0,70,1.00,70.0,build=P;file=P,build:xcodebuild build succeeded for scheme 'BuildFixture' | file:2 file assertion(s) satisfied,2026-09-02T060621-ops-024-opencode
ops-024,ops,7,opencode,minimax/MiniMax-M2.7,true,30.7,completed,0,1052,1052,0.0043,1,72,0,70,1.00,70.0,build=P;file=P,build:xcodebuild build succeeded for scheme 'BuildFixture' | file:2 file assertion(s) satisfied,2026-09-02T135324-ops-024-opencode
ops-025,ops,5,opencode,minimax/MiniMax-M3,true,177.5,completed,31790,4507,36297,0.0471,1835,1696,0,50,1.00,50.0,build=P;file=P,build:xcodebuild build succeeded for scheme 'NavigationFixture' | file:4 file assertion(s) satisfied,2026-09-02T060713-ops-025-opencode
ops-025,ops,5,opencode,minimax/MiniMax-M2.7,true,190.6,completed,3888,8101,11989,0.0378,1839,1651,0,50,1.00,50.0,build=P;file=P,build:xcodebuild build succeeded for scheme 'NavigationFixture' | file:4 file assertion(s) satisfied,2026-09-02T135355-ops-025-opencode
ops-026,ops,7,opencode,minimax/MiniMax-M3,true,127.3,completed,42831,7356,50187,0.0500,1,60,0,70,1.00,69.7,build=P;file=P,build:xcodebuild build succeeded for scheme 'BuildFixture' | file:3 file assertion(s) satisfied,2026-09-02T061012-ops-026-opencode
ops-026,ops,7,opencode,minimax/MiniMax-M2.7,false,55.9,completed,2133,3131,5264,0.0108,0,0,0,70,1.00,0.0,build=P;file=F,build:xcodebuild build succeeded for scheme 'BuildFixture' | file:prune-and-update.md: expected to exist; prune-and-update.md: unreadable or missing; prune-and-update.md: unreadable or missing,2026-09-02T135707-ops-026-opencode
ops-027,ops,3,opencode,minimax/MiniMax-M3,false,64.0,timeout,10596,2130,12726,0.0121,0,0,0,30,1.00,0.0,file=F,"file:macos-screen.png: expected to exist; macos-screen.png: unreadable or missing, cannot check PNG; macos-screencapture.md: expected to exist; macos-screencapture.md: unreadable or missing",2026-09-02T061220-ops-027-opencode
ops-027,ops,3,opencode,minimax/MiniMax-M2.7,false,19.6,completed,0,780,780,0.0043,0,0,0,30,1.00,0.0,file=F,"file:macos-screen.png: expected to exist; macos-screen.png: unreadable or missing, cannot check PNG; macos-screencapture.md: expected to exist; macos-screencapture.md: unreadable or missing",2026-09-02T135804-ops-027-opencode
ops-028,ops,7,opencode,minimax/MiniMax-M2.7,false,52.9,completed,364,2653,3017,0.0082,2,3,2,70,1.00,0.0,build=P;xcodeproj=F;file=P,build:xcodebuild build succeeded for scheme 'XCConfigFixture' | xcodeproj:1 of 3 project assertion(s) failed — build setting SWIFT_ACTIVE_COMPILATION_CONDITIONS is not set | file:2 file assertion(s) satisfied,2026-09-02T135823-ops-028-opencode
ops-028,ops,7,opencode,minimax/MiniMax-M3,true,34.6,completed,14502,1470,15972,0.0155,2,3,2,70,1.00,70.0,build=P;xcodeproj=P;file=P,build:xcodebuild build succeeded for scheme 'XCConfigFixture' | xcodeproj:3 project assertion(s) hold in the resolved configuration | file:2 file assertion(s) satisfied,2026-09-02T061324-ops-028-opencode
ops-029,ops,6,opencode,minimax/MiniMax-M2.7,true,99.8,completed,23958,2357,26315,0.0330,2,77,0,60,1.00,60.0,file=P,file:13 file assertion(s) satisfied,2026-09-02T135917-ops-029-opencode
ops-029,ops,6,opencode,minimax/MiniMax-M3,true,168.5,completed,17139,2681,19820,0.0223,2,562,0,60,1.00,60.0,file=P,file:13 file assertion(s) satisfied,2026-09-02T061359-ops-029-opencode
project-001,project,1,opencode,openrouter/minimax/minimax-m3,false,8.6,failed,,,,,0,0,0,10,0.25,0.0,build=F,build:xcodebuild build failed (exit 65) for scheme 'TargetMembershipFixture',2026-09-01T153804-project-001-opencode
project-001,project,1,opencode,minimax/MiniMax-M3,true,24.1,completed,13762,2543,16305,0.0126,1,4,0,10,1.00,10.0,build=P,build:xcodebuild build succeeded for scheme 'TargetMembershipFixture',2026-09-01T155313-project-001-opencode
project-002,project,2,opencode,minimax/MiniMax-M2.7,true,71.9,completed,1059,860,1919,0.0048,1,2,0,20,1.00,20.0,build=P;xcodeproj=P,build:xcodebuild build succeeded for scheme 'InfoPlistFixture' | xcodeproj:1 project assertion(s) hold in the resolved configuration,2026-09-02T140057-project-002-opencode
project-002,project,2,opencode,minimax/MiniMax-M3,true,58.2,completed,23913,793,24706,0.0110,1,2,0,20,1.00,20.0,build=P;xcodeproj=P,build:xcodebuild build succeeded for scheme 'InfoPlistFixture' | xcodeproj:1 project assertion(s) hold in the resolved configuration,2026-09-02T061648-project-002-opencode
project-004,project,4,opencode,minimax/MiniMax-M3,true,241.9,completed,70356,9046,79402,0.0552,2,45,0,40,0.63,25.2,build=P;xctest=P,"build:xcodebuild build succeeded for scheme 'SchemeFixture' | xctest:3 executed, 3 passed, 0 failed, 0 skipped",2026-09-02T061747-project-004-opencode
project-004,project,4,opencode,minimax/MiniMax-M2.7,true,160.4,completed,21336,3886,25222,0.0226,2,29,0,40,1.00,40.0,build=P;xctest=P,"build:xcodebuild build succeeded for scheme 'SchemeFixture' | xctest:3 executed, 3 passed, 0 failed, 0 skipped",2026-09-02T140210-project-004-opencode
project-004,project,4,opencode,minimax/MiniMax-M2.7,false,557.0,completed,49884,7665,57549,0.0842,548,5922,0,40,0.87,0.0,build=P;xctest=F;mutation=P,"build:xcodebuild build succeeded for scheme 'SchemeFixture' | xctest:0 executed, 0 passed, 0 failed, 0 skipped — no tests executed | mutation:The tests failed against a deliberately broken app, so they test the behaviour they claim (Sources/TariffCalculator.swift: ""static let unitRate = 0.31"" → ""static let unitRate = 0.0"")",2026-09-03T143527-project-004-opencode
project-005,project,5,opencode,minimax/MiniMax-M3,true,83.5,completed,47580,3209,50789,0.0261,1,21,0,50,0.98,49.2,build=P,build:xcodebuild build succeeded for scheme 'PackageIntegrationFixture',2026-09-02T062150-project-005-opencode
project-005,project,5,opencode,minimax/MiniMax-M2.7,true,657.9,completed,33629,31387,65016,0.4027,1285,1782,1,50,0.77,38.5,build=P,build:xcodebuild build succeeded for scheme 'PackageIntegrationFixture',2026-09-02T140451-project-005-opencode
project-005,project,5,opencode,minimax/MiniMax-M2.7,true,199.9,completed,25517,10519,36036,0.1005,1,30,0,50,1.00,50.0,file=P;build=P,file:1 file assertion(s) satisfied | build:xcodebuild build succeeded for scheme 'PackageIntegrationFixture',2026-09-03T144449-project-005-opencode
project-006,project,6,opencode,minimax/MiniMax-M2.7,true,100.0,completed,368,2165,2533,0.0103,1,67,0,60,1.00,60.0,build=P;xctest=P;mutation=P,"build:xcodebuild build succeeded for scheme 'MultiTargetFixture' | xctest:2 executed, 2 passed, 0 failed, 0 skipped | mutation:The tests failed against a deliberately broken app, so they test the behaviour they claim (Core/Counter.swift: ""public static let startingValue: Int = 0"" → ""public static let startingValue: Int = 99"")",2026-09-03T144809-project-006-opencode
project-006,project,6,opencode,minimax/MiniMax-M2.7,false,68.0,completed,9705,3012,12717,0.0245,0,0,0,60,1.00,0.0,build=F;xctest=F,"build:xcodebuild build failed (exit 65) for scheme 'MultiTargetFixture' | xctest:0 executed, 0 passed, 0 failed, 0 skipped — no tests executed",2026-09-02T141550-project-006-opencode
project-006,project,6,opencode,minimax/MiniMax-M3,true,354.8,completed,46386,16116,62502,0.1018,3,112,0,60,0.80,48.0,build=P;xctest=P,"build:xcodebuild build succeeded for scheme 'MultiTargetFixture' | xctest:2 executed, 2 passed, 0 failed, 0 skipped",2026-09-02T062314-project-006-opencode
push-001,frameworks,6,opencode,minimax/MiniMax-M3,true,67.2,completed,23909,2220,26129,0.0134,1,4,2,60,1.00,60.0,build=P;xctest=P,"build:xcodebuild build succeeded for scheme 'Push001Fixture' | xctest:4 executed, 4 passed, 0 failed, 0 skipped",2026-09-02T112842-push-001-opencode
push-001,frameworks,6,opencode,minimax/MiniMax-M2.7,true,98.1,completed,6046,4327,10373,0.0185,3,70,6,60,1.00,60.0,build=P;xctest=P,"build:xcodebuild build succeeded for scheme 'Push001Fixture' | xctest:4 executed, 4 passed, 0 failed, 0 skipped",2026-09-02T171100-push-001-opencode
push-002,frameworks,6,opencode,minimax/MiniMax-M2.7,false,288.4,completed,15723,10932,26655,0.0711,5,256,5,60,1.00,0.0,build=P;xcodeproj=F;file=P;xctest=P,"build:xcodebuild build succeeded for scheme 'Push002Fixture' | xcodeproj:1 of 1 project assertion(s) failed — build setting CODE_SIGN_ENTITLEMENTS is not set | file:1 file assertion(s) satisfied | xctest:3 executed, 3 passed, 0 failed, 0 skipped",2026-09-02T171239-push-002-opencode
push-002,frameworks,6,opencode,minimax/MiniMax-M3,false,111.3,completed,10387,901,11288,0.0078,1,4,1,60,1.00,0.0,build=P;xcodeproj=F;file=P;xctest=P,"build:xcodebuild build succeeded for scheme 'Push002Fixture' | xcodeproj:1 of 1 project assertion(s) failed — build setting CODE_SIGN_ENTITLEMENTS is not set | file:1 file assertion(s) satisfied | xctest:3 executed, 3 passed, 0 failed, 0 skipped",2026-09-02T112950-push-002-opencode
runtime-001,runtime,1,opencode,minimax/MiniMax-M3,true,121.7,completed,10567,796,11363,0.0071,2069,5474,1,10,1.00,10.0,build=P;xcuitest=P;runtime=P,"build:xcodebuild build succeeded for scheme 'NavigationFixture' | xcuitest:1 executed, 1 passed, 0 failed, 0 skipped | runtime:Process survived 5s observation window",2026-09-02T062910-runtime-001-opencode
runtime-001,runtime,1,opencode,minimax/MiniMax-M2.7,true,217.8,completed,3149,1389,4538,0.0105,1,1,1,10,1.00,10.0,build=P;xcuitest=P;runtime=P,"build:xcodebuild build succeeded for scheme 'NavigationFixture' | xcuitest:1 executed, 1 passed, 0 failed, 0 skipped | runtime:Process survived 5s observation window",2026-09-02T141658-runtime-001-opencode
runtime-003,runtime,3,opencode,minimax/MiniMax-M2.7,true,130.7,completed,2746,1697,4443,0.0088,1,3,1,30,1.00,30.0,build=P;xcuitest=P;runtime=P,"build:xcodebuild build succeeded for scheme 'MainThreadFixture' | xcuitest:1 executed, 1 passed, 0 failed, 0 skipped | runtime:Process survived 5s observation window",2026-09-02T142040-runtime-003-opencode
runtime-003,runtime,3,opencode,minimax/MiniMax-M3,true,125.2,completed,10953,2810,13763,0.0106,1,3,1,30,1.00,30.0,build=P;xcuitest=P;runtime=P,"build:xcodebuild build succeeded for scheme 'MainThreadFixture' | xcuitest:1 executed, 1 passed, 0 failed, 0 skipped | runtime:Process survived 5s observation window",2026-09-02T063116-runtime-003-opencode
runtime-004,runtime,4,opencode,minimax/MiniMax-M2.7,true,176.8,completed,1310,1722,3032,0.0102,1,5,6,40,1.00,40.0,build=P;xcuitest=P;runtime=P,"build:xcodebuild build succeeded for scheme 'UpdateLoopFixture' | xcuitest:2 executed, 2 passed, 0 failed, 0 skipped | runtime:Process survived 5s observation window",2026-09-02T142255-runtime-004-opencode
runtime-004,runtime,4,opencode,minimax/MiniMax-M3,true,129.4,completed,9422,3045,12467,0.0095,1,5,6,40,1.00,40.0,build=P;xcuitest=P;runtime=P,"build:xcodebuild build succeeded for scheme 'UpdateLoopFixture' | xcuitest:2 executed, 2 passed, 0 failed, 0 skipped | runtime:Process survived 5s observation window",2026-09-02T063325-runtime-004-opencode
runtime-005,runtime,5,opencode,minimax/MiniMax-M2.7,true,196.1,completed,4398,2173,6571,0.0127,1,9,2,50,1.00,50.0,build=P;xcuitest=P;runtime=P,"build:xcodebuild build succeeded for scheme 'RelaunchFixture' | xcuitest:1 executed, 1 passed, 0 failed, 0 skipped | runtime:Process survived 5s observation window",2026-09-02T142555-runtime-005-opencode
runtime-005,runtime,5,opencode,minimax/MiniMax-M3,true,337.4,completed,26569,12476,39045,0.0603,1,24,4,50,1.00,50.0,build=P;xcuitest=P;runtime=P,"build:xcodebuild build succeeded for scheme 'RelaunchFixture' | xcuitest:1 executed, 1 passed, 0 failed, 0 skipped | runtime:Process survived 5s observation window",2026-09-02T063539-runtime-005-opencode
storekit-001,frameworks,6,opencode,minimax/MiniMax-M3,false,53.1,completed,13022,2541,15563,0.0131,1,5,1,60,1.00,0.0,build=P;xcodeproj=F;xctest=P,"build:xcodebuild build succeeded for scheme 'Storekit001Fixture' | xcodeproj:1 of 1 project assertion(s) failed — built product does not contain 'Products.storekit' | xctest:3 executed, 3 passed, 0 failed, 0 skipped",2026-09-02T113142-storekit-001-opencode
storekit-001,frameworks,6,opencode,minimax/MiniMax-M2.7,false,193.6,completed,11803,6248,18051,0.0401,3,133,22,60,1.00,0.0,build=P;xcodeproj=F;xctest=F,"build:xcodebuild build succeeded for scheme 'Storekit001Fixture' | xcodeproj:1 of 1 project assertion(s) failed — built product does not contain 'Products.storekit' | xctest:0 executed, 0 passed, 0 failed, 0 skipped — no tests executed",2026-09-02T171729-storekit-001-opencode
storekit-002,frameworks,6,opencode,minimax/MiniMax-M2.7,false,40.2,completed,529,2063,2592,0.0119,1,6,3,60,1.00,0.0,build=F;xctest=F,"build:xcodebuild build failed (exit 65) for scheme 'Storekit002Fixture' | xctest:0 executed, 0 passed, 0 failed, 0 skipped — no tests executed",2026-09-02T172043-storekit-002-opencode
storekit-002,frameworks,6,opencode,minimax/MiniMax-M3,false,66.0,completed,16675,4833,21508,0.0174,1,15,6,60,1.00,0.0,build=P;xctest=F,"build:xcodebuild build succeeded for scheme 'Storekit002Fixture' | xctest:0 executed, 0 passed, 0 failed, 0 skipped — no tests executed",2026-09-02T113236-storekit-002-opencode
swiftdata-001,frameworks,2,opencode,minimax/MiniMax-M3,true,51.8,completed,6343,515,6858,0.0054,1,1,1,20,1.00,20.0,build=P;xctest=P,"build:xcodebuild build succeeded for scheme 'SwiftDataNotesFixture' | xctest:2 executed, 2 passed, 0 failed, 0 skipped",2026-09-02T064120-swiftdata-001-opencode
swiftdata-001,frameworks,2,opencode,minimax/MiniMax-M2.7,true,48.0,completed,700,569,1269,0.0041,1,1,1,20,1.00,20.0,build=P;xctest=P,"build:xcodebuild build succeeded for scheme 'SwiftDataNotesFixture' | xctest:2 executed, 2 passed, 0 failed, 0 skipped",2026-09-02T142916-swiftdata-001-opencode
swiftdata-002,frameworks,4,opencode,minimax/MiniMax-M2.7,true,51.6,completed,798,969,1767,0.0054,1,1,1,40,1.00,40.0,build=P;xctest=P,"build:xcodebuild build succeeded for scheme 'SwiftDataContainerFixture' | xctest:1 executed, 1 passed, 0 failed, 0 skipped",2026-09-02T143004-swiftdata-002-opencode
swiftdata-002,frameworks,4,opencode,minimax/MiniMax-M3,true,34.5,completed,6759,516,7275,0.0055,1,1,1,40,1.00,40.0,build=P;xctest=P,"build:xcodebuild build succeeded for scheme 'SwiftDataContainerFixture' | xctest:1 executed, 1 passed, 0 failed, 0 skipped",2026-09-02T064213-swiftdata-002-opencode
swiftdata-003,frameworks,6,opencode,minimax/MiniMax-M3,true,31.4,completed,6587,682,7269,0.0052,1,1,0,60,1.00,60.0,build=P;xctest=P,"build:xcodebuild build succeeded for scheme 'Swiftdata003Fixture' | xctest:4 executed, 4 passed, 0 failed, 0 skipped",2026-09-02T113343-swiftdata-003-opencode
swiftdata-003,frameworks,6,opencode,minimax/MiniMax-M2.7,true,48.5,completed,555,716,1271,0.0042,1,1,0,60,1.00,60.0,build=P;xctest=P,"build:xcodebuild build succeeded for scheme 'Swiftdata003Fixture' | xctest:4 executed, 4 passed, 0 failed, 0 skipped",2026-09-02T172124-swiftdata-003-opencode
swiftdata-004,frameworks,6,opencode,minimax/MiniMax-M2.7,true,50.7,completed,623,999,1622,0.0058,1,1,1,60,1.00,60.0,build=P;xctest=P,"build:xcodebuild build succeeded for scheme 'Swiftdata004Fixture' | xctest:1 executed, 1 passed, 0 failed, 0 skipped",2026-09-02T172213-swiftdata-004-opencode
swiftdata-004,frameworks,6,opencode,minimax/MiniMax-M3,true,37.5,completed,7407,624,8031,0.0048,1,1,1,60,1.00,60.0,build=P;xctest=P,"build:xcodebuild build succeeded for scheme 'Swiftdata004Fixture' | xctest:1 executed, 1 passed, 0 failed, 0 skipped",2026-09-02T113415-swiftdata-004-opencode
swiftdata-005,frameworks,5,opencode,minimax/MiniMax-M3,true,41.1,completed,13356,1305,14661,0.0100,1,1,1,50,1.00,50.0,build=P;xctest=P,"build:xcodebuild build succeeded for scheme 'Swiftdata005Fixture' | xctest:3 executed, 3 passed, 0 failed, 0 skipped",2026-09-02T113453-swiftdata-005-opencode
swiftdata-005,frameworks,5,opencode,minimax/MiniMax-M2.7,true,57.1,completed,400,926,1326,0.0056,1,1,1,50,1.00,50.0,build=P;xctest=P,"build:xcodebuild build succeeded for scheme 'Swiftdata005Fixture' | xctest:3 executed, 3 passed, 0 failed, 0 skipped",2026-09-02T172305-swiftdata-005-opencode
swiftdata-006,frameworks,5,opencode,minimax/MiniMax-M3,true,40.4,completed,12734,543,13277,0.0065,1,1,1,50,1.00,50.0,build=P;xctest=P,"build:xcodebuild build succeeded for scheme 'Swiftdata006Fixture' | xctest:3 executed, 3 passed, 0 failed, 0 skipped",2026-09-02T113535-swiftdata-006-opencode
swiftdata-006,frameworks,5,opencode,minimax/MiniMax-M2.7,true,94.2,completed,243,725,968,0.0053,1,1,1,50,1.00,50.0,build=P;xctest=P,"build:xcodebuild build succeeded for scheme 'Swiftdata006Fixture' | xctest:3 executed, 3 passed, 0 failed, 0 skipped",2026-09-02T172403-swiftdata-006-opencode
swiftdata-007,frameworks,4,opencode,minimax/MiniMax-M3,true,28.1,completed,8393,663,9056,0.0056,1,1,1,40,1.00,40.0,build=P;xctest=P,"build:xcodebuild build succeeded for scheme 'Swiftdata007Fixture' | xctest:4 executed, 4 passed, 0 failed, 0 skipped",2026-09-02T113616-swiftdata-007-opencode
swiftdata-007,frameworks,4,opencode,minimax/MiniMax-M2.7,true,53.5,completed,443,795,1238,0.0042,1,1,1,40,1.00,40.0,build=P;xctest=P,"build:xcodebuild build succeeded for scheme 'Swiftdata007Fixture' | xctest:4 executed, 4 passed, 0 failed, 0 skipped",2026-09-02T172539-swiftdata-007-opencode
swiftdata-008,frameworks,7,opencode,minimax/MiniMax-M3,false,54.5,completed,11146,2542,13688,0.0106,1,7,5,70,1.00,0.0,build=P;xctest=F,"build:xcodebuild build succeeded for scheme 'Swiftdata008Fixture' | xctest:3 executed, 2 passed, 1 failed, 0 skipped — failing: SyncedNotesTests/testEveryRelationshipIsOptional()",2026-09-02T113645-swiftdata-008-opencode
swiftdata-008,frameworks,7,opencode,minimax/MiniMax-M2.7,false,73.8,completed,694,1619,2313,0.0064,1,7,2,70,1.00,0.0,build=P;xctest=F,"build:xcodebuild build succeeded for scheme 'Swiftdata008Fixture' | xctest:3 executed, 1 passed, 2 failed, 0 skipped — failing: SyncedNotesTests/testEveryRelationshipIsOptional(), SyncedNotesTests/testNoAttributeIsUnique()",2026-09-02T172632-swiftdata-008-opencode
swiftdata-009,frameworks,3,opencode,minimax/MiniMax-M3,true,34.7,completed,7341,449,7790,0.0050,1,1,1,30,1.00,30.0,build=P;xctest=P,"build:xcodebuild build succeeded for scheme 'Swiftdata009Fixture' | xctest:3 executed, 3 passed, 0 failed, 0 skipped",2026-09-02T113741-swiftdata-009-opencode
swiftdata-009,frameworks,3,opencode,minimax/MiniMax-M2.7,true,47.0,completed,539,560,1099,0.0039,1,1,1,30,1.00,30.0,build=P;xctest=P,"build:xcodebuild build succeeded for scheme 'Swiftdata009Fixture' | xctest:3 executed, 3 passed, 0 failed, 0 skipped",2026-09-02T172747-swiftdata-009-opencode
swiftdata-010,frameworks,6,opencode,minimax/MiniMax-M3,true,30.4,completed,8646,702,9348,0.0062,1,2,2,60,1.00,60.0,build=P;xctest=P,"build:xcodebuild build succeeded for scheme 'Swiftdata010Fixture' | xctest:2 executed, 2 passed, 0 failed, 0 skipped",2026-09-02T113816-swiftdata-010-opencode
swiftdata-010,frameworks,6,opencode,minimax/MiniMax-M2.7,false,58.6,completed,939,1062,2001,0.0050,1,2,0,60,1.00,0.0,build=P;xctest=F,"build:xcodebuild build succeeded for scheme 'Swiftdata010Fixture' | xctest:2 executed, 0 passed, 2 failed, 0 skipped — failing: DatabaseTests/testEveryScreenSeesTheSameStore(), DatabaseTests/testTheStackVendsOneContainer()",2026-09-02T172834-swiftdata-010-opencode
system-001,frameworks,5,opencode,minimax/MiniMax-M2.7,true,51.8,completed,471,667,1138,0.0040,1,1,1,50,1.00,50.0,build=P;xctest=P,"build:xcodebuild build succeeded for scheme 'System001Fixture' | xctest:3 executed, 3 passed, 0 failed, 0 skipped",2026-09-02T172934-system-001-opencode
system-001,frameworks,5,opencode,minimax/MiniMax-M3,true,58.4,completed,13098,1525,14623,0.0093,1,1,1,50,1.00,50.0,build=P;xctest=P,"build:xcodebuild build succeeded for scheme 'System001Fixture' | xctest:3 executed, 3 passed, 0 failed, 0 skipped",2026-09-02T113847-system-001-opencode
system-002,frameworks,6,opencode,minimax/MiniMax-M2.7,true,56.8,completed,604,830,1434,0.0056,1,1,0,60,1.00,60.0,build=P;xctest=P,"build:xcodebuild build succeeded for scheme 'System002Fixture' | xctest:3 executed, 3 passed, 0 failed, 0 skipped",2026-09-02T173026-system-002-opencode
system-002,frameworks,6,opencode,minimax/MiniMax-M3,true,66.4,completed,10584,1298,11882,0.0081,1,1,0,60,1.00,60.0,build=P;xctest=P,"build:xcodebuild build succeeded for scheme 'System002Fixture' | xctest:3 executed, 3 passed, 0 failed, 0 skipped",2026-09-02T113946-system-002-opencode
system-003,frameworks,4,opencode,minimax/MiniMax-M3,false,53.2,completed,9802,3724,13526,0.0121,2,28,2,40,1.00,0.0,build=F;xctest=F,"build:xcodebuild build failed (exit 65) for scheme 'System003Fixture' | xctest:0 executed, 0 passed, 0 failed, 0 skipped — no tests executed",2026-09-02T114053-system-003-opencode
system-003,frameworks,4,opencode,minimax/MiniMax-M2.7,true,77.0,completed,2974,2392,5366,0.0115,2,23,3,40,1.00,40.0,build=P;xctest=P,"build:xcodebuild build succeeded for scheme 'System003Fixture' | xctest:4 executed, 4 passed, 0 failed, 0 skipped",2026-09-02T173124-system-003-opencode
system-004,frameworks,5,opencode,minimax/MiniMax-M2.7,true,34.0,completed,214,826,1040,0.0046,1,1,1,50,1.00,50.0,build=P;xctest=P,"build:xcodebuild build succeeded for scheme 'System004Fixture' | xctest:3 executed, 3 passed, 0 failed, 0 skipped",2026-09-02T173242-system-004-opencode
system-004,frameworks,5,opencode,minimax/MiniMax-M3,true,54.1,completed,13972,826,14798,0.0071,1,1,1,50,1.00,50.0,build=P;xctest=P,"build:xcodebuild build succeeded for scheme 'System004Fixture' | xctest:3 executed, 3 passed, 0 failed, 0 skipped",2026-09-02T114147-system-004-opencode
tests-001,tests,1,opencode,minimax/MiniMax-M3,true,121.0,completed,10888,855,11743,0.0083,1,2,1,10,1.00,10.0,build=P;xctest=P,"build:xcodebuild build succeeded for scheme 'CounterFixture' | xctest:2 executed, 2 passed, 0 failed, 0 skipped",2026-09-02T064248-tests-001-opencode
tests-001,tests,1,opencode,minimax/MiniMax-M2.7,true,66.0,completed,682,946,1628,0.0046,1,2,1,10,1.00,10.0,build=P;xctest=P,"build:xcodebuild build succeeded for scheme 'CounterFixture' | xctest:2 executed, 2 passed, 0 failed, 0 skipped",2026-09-02T143057-tests-001-opencode
tests-002,tests,2,opencode,minimax/MiniMax-M2.7,false,227.8,completed,11952,6401,18353,0.0367,2,8,4,20,1.00,0.0,build=P;xctest=F,"build:xcodebuild build succeeded for scheme 'DecodingFixture' | xctest:5 executed, 0 passed, 5 failed, 0 skipped — failing: FeedDecodingTests/testAllArticlesDecode(), FeedDecodingTests/testArticleWithNullAuthorDecodes(), FeedDecodingTests/testArticleWithoutReadMinutesDecodes(), FeedDecodingTests/testAuthorsDecode(), FeedDecodingTests/testPublishedDatesDecodeCorrectly()",2026-09-02T143203-tests-002-opencode
tests-002,tests,2,opencode,minimax/MiniMax-M3,true,268.1,completed,40248,4208,44456,0.0395,2,16,4,20,1.00,20.0,build=P;xctest=P,"build:xcodebuild build succeeded for scheme 'DecodingFixture' | xctest:5 executed, 5 passed, 0 failed, 0 skipped",2026-09-02T064450-tests-002-opencode
tests-003,tests,3,opencode,openrouter/minimax/minimax-m3,false,21.2,failed,,,,,0,0,0,30,0.25,0.0,build=P;xctest=F,"build:xcodebuild build succeeded for scheme 'CellReuseFixture' | xctest:2 executed, 0 passed, 2 failed, 0 skipped — failing: ContactCellTests/testPrepareForReuseClearsPreviousAvatar(), ContactCellTests/testStaleAvatarForPreviousContactIsDiscarded()",2026-09-01T153825-tests-003-opencode
tests-003,tests,3,opencode,minimax/MiniMax-M3,true,56.5,completed,15611,1723,17334,0.0125,1,13,1,30,1.00,30.0,build=P;xctest=P,"build:xcodebuild build succeeded for scheme 'CellReuseFixture' | xctest:2 executed, 2 passed, 0 failed, 0 skipped",2026-09-01T155432-tests-003-opencode
tests-005,tests,5,opencode,minimax/MiniMax-M2.7,false,94.1,completed,7947,2780,10727,0.0112,1,2,2,50,1.00,0.0,build=P;xctest=F,"build:xcodebuild build succeeded for scheme 'LeakFixture' | xctest:2 executed, 1 passed, 1 failed, 0 skipped — failing: ProfileLifetimeTests/testDelegateIsNotRetainedByViewModel()",2026-09-02T143552-tests-005-opencode
tests-005,tests,5,opencode,minimax/MiniMax-M3,true,144.1,completed,22885,2154,25039,0.0132,1,3,3,50,1.00,50.0,build=P;xctest=P,"build:xcodebuild build succeeded for scheme 'LeakFixture' | xctest:2 executed, 2 passed, 0 failed, 0 skipped",2026-09-02T064919-tests-005-opencode
ui-auto-001,interaction,3,opencode,minimax/MiniMax-M2.7,false,1510.9,completed,41296,72032,113328,1.1115,4,180,27,30,0.44,0.0,build=P;xcuitest=F,"build:xcodebuild build succeeded for scheme 'CounterFixture' | xcuitest:2 executed, 0 passed, 2 failed, 0 skipped — failing: CounterFixtureUITests/testCounterIncrement(), CounterFixtureUITests/testLaunchPerformance()",2026-09-02T143727-ui-auto-001-opencode
ui-auto-001,interaction,3,opencode,minimax/MiniMax-M3,true,599.9,completed,64511,21170,85681,0.1421,4,179,1,30,0.58,17.5,build=P;xcuitest=P,"build:xcodebuild build succeeded for scheme 'CounterFixture' | xcuitest:1 executed, 1 passed, 0 failed, 0 skipped",2026-09-02T065144-ui-auto-001-opencode
ui-auto-001,interaction,3,opencode,minimax/MiniMax-M2.7,true,406.3,completed,18538,17290,35828,0.1238,4,168,26,30,1.00,30.0,build=P;xcuitest=P;mutation=P,"build:xcodebuild build succeeded for scheme 'CounterFixture' | xcuitest:1 executed, 1 passed, 0 failed, 0 skipped | mutation:The tests failed against a deliberately broken app, so they test the behaviour they claim (Sources/CounterFixtureApp.swift: "".accessibilityIdentifier(""counter-value"")"" → "".accessibilityIdentifier(""counter-value-mutated"")"")",2026-09-03T144954-ui-auto-001-opencode
ui-auto-002,interaction,4,opencode,minimax/MiniMax-M2.7,false,211.1,completed,3596,6065,9661,0.0255,3,79,6,40,1.00,0.0,build=P;xcuitest=F;mutation=P,"build:xcodebuild build succeeded for scheme 'FormFlowFixture' | xcuitest:0 executed, 0 passed, 0 failed, 0 skipped — no tests executed | mutation:The tests failed against a deliberately broken app, so they test the behaviour they claim (Sources/EnrolmentFlowView.swift: "".accessibilityIdentifier(""full-name"")"" → "".accessibilityIdentifier(""full-name-mutated"")"")",2026-09-03T145642-ui-auto-002-opencode
ui-auto-002,interaction,4,opencode,minimax/MiniMax-M3,true,614.1,completed,93786,23717,117503,0.0851,3,77,67,40,0.43,17.0,build=P;xcuitest=P,"build:xcodebuild build succeeded for scheme 'FormFlowFixture' | xcuitest:1 executed, 1 passed, 0 failed, 0 skipped",2026-09-02T070148-ui-auto-002-opencode
ui-auto-002,interaction,4,opencode,minimax/MiniMax-M2.7,true,386.8,completed,25857,7935,33792,0.0621,3,74,5,40,1.00,40.0,build=P;xcuitest=P,"build:xcodebuild build succeeded for scheme 'FormFlowFixture' | xcuitest:1 executed, 1 passed, 0 failed, 0 skipped",2026-09-02T150242-ui-auto-002-opencode
ui-auto-003,interaction,4,opencode,minimax/MiniMax-M2.7,false,324.6,completed,11476,3615,15091,0.0219,1,27,0,40,1.00,0.0,build=P;xcuitest=F;mutation=P,"build:xcodebuild build succeeded for scheme 'CartFixture' | xcuitest:1 executed, 0 passed, 1 failed, 0 skipped — failing: CartFlowTests/testCartFlowEndToEnd() | mutation:The tests failed against a deliberately broken app, so they test the behaviour they claim (Sources/CartView.swift: "".accessibilityIdentifier(""cart-item-\(index)"")"" → "".accessibilityIdentifier(""cart-item-\(index)-mutated"")"")",2026-09-03T150017-ui-auto-003-opencode
ui-auto-003,interaction,4,opencode,minimax/MiniMax-M3,true,527.0,completed,83190,16132,99322,0.0793,5,85,2,40,0.50,20.1,build=P;xcuitest=P,"build:xcodebuild build succeeded for scheme 'CartFixture' | xcuitest:1 executed, 1 passed, 0 failed, 0 skipped",2026-09-02T071206-ui-auto-003-opencode
ui-auto-003,interaction,4,opencode,minimax/MiniMax-M2.7,false,149.5,completed,9219,5805,15024,0.0262,1,7,18,40,1.00,0.0,build=P;xcuitest=F,"build:xcodebuild build succeeded for scheme 'CartFixture' | xcuitest:0 executed, 0 passed, 0 failed, 0 skipped — no tests executed",2026-09-02T150912-ui-auto-003-opencode
ui-auto-004,interaction,5,opencode,minimax/MiniMax-M2.7,false,111.3,completed,2967,2265,5232,0.0104,1,24,0,50,1.00,0.0,build=P;xcuitest=F,"build:xcodebuild build succeeded for scheme 'SearchFixture' | xcuitest:1 executed, 0 passed, 1 failed, 0 skipped — failing: PartsSearchTests/testDeleteFirstRow()",2026-09-02T151146-ui-auto-004-opencode
ui-auto-004,interaction,5,opencode,minimax/MiniMax-M3,true,484.2,completed,44010,25389,69399,0.0801,2,39,6,50,0.72,36.0,build=P;xcuitest=P,"build:xcodebuild build succeeded for scheme 'SearchFixture' | xcuitest:1 executed, 1 passed, 0 failed, 0 skipped",2026-09-02T072118-ui-auto-004-opencode
ui-auto-004,interaction,5,opencode,minimax/MiniMax-M2.7,false,180.9,completed,12258,3283,15541,0.0203,2,37,1,50,1.00,0.0,build=P;xcuitest=F;mutation=P,"build:xcodebuild build succeeded for scheme 'SearchFixture' | xcuitest:0 executed, 0 passed, 0 failed, 0 skipped — no tests executed | mutation:The tests failed against a deliberately broken app, so they test the behaviour they claim (Sources/PartsSearchView.swift: "".accessibilityIdentifier(""result-\(index)"")"" → "".accessibilityIdentifier(""result-\(index)-mutated"")"")",2026-09-03T150546-ui-auto-004-opencode
ui-auto-005,interaction,5,opencode,minimax/MiniMax-M3,true,1609.4,timeout,,,,,6,135,6,50,0.25,12.5,build=P;xcuitest=P,"build:xcodebuild build succeeded for scheme 'TruncationFixture' | xcuitest:1 executed, 1 passed, 0 failed, 0 skipped",2026-09-02T072927-ui-auto-005-opencode
ui-auto-005,interaction,5,opencode,minimax/MiniMax-M2.7,false,204.4,completed,8558,6184,14742,0.0313,3,89,0,50,1.00,0.0,build=P;xcuitest=F,"build:xcodebuild build succeeded for scheme 'TruncationFixture' | xcuitest:0 executed, 0 passed, 0 failed, 0 skipped — no tests executed",2026-09-02T151341-ui-auto-005-opencode
ui-auto-005,interaction,5,opencode,minimax/MiniMax-M2.7,false,324.2,completed,14025,10056,24081,0.0688,4,66,1,50,1.00,0.0,build=P;xcuitest=F;mutation=P,"build:xcodebuild build succeeded for scheme 'TruncationFixture' | xcuitest:1 executed, 0 passed, 1 failed, 0 skipped — failing: ScrollTapTests/testScrollToElementAndTap() | mutation:The tests failed against a deliberately broken app, so they test the behaviour they claim (Sources/ConsentView.swift: "".accessibilityIdentifier(""disclaimer"")"" → "".accessibilityIdentifier(""disclaimer-mutated"")"")",2026-09-03T150851-ui-auto-005-opencode
ui-auto-006,interaction,6,opencode,minimax/MiniMax-M3,true,1073.4,completed,113510,17785,131295,0.1967,4,57,0,60,0.38,22.8,build=P;xcuitest=P,"build:xcodebuild build succeeded for scheme 'RefreshFixture' | xcuitest:1 executed, 1 passed, 0 failed, 0 skipped",2026-09-02T075620-ui-auto-006-opencode
ui-auto-006,interaction,6,opencode,minimax/MiniMax-M2.7,false,145.1,completed,8597,6344,14941,0.0372,4,40,0,60,1.00,0.0,build=P;xcuitest=F;mutation=P,"build:xcodebuild build succeeded for scheme 'RefreshFixture' | xcuitest:0 executed, 0 passed, 0 failed, 0 skipped — no tests executed | mutation:The tests failed against a deliberately broken app, so they test the behaviour they claim (Sources/ReportView.swift: "".accessibilityIdentifier(""row-\(index)"")"" → "".accessibilityIdentifier(""row-\(index)-mutated"")"")",2026-09-03T151417-ui-auto-006-opencode
ui-auto-006,interaction,6,opencode,minimax/MiniMax-M2.7,false,115.6,completed,8342,5928,14270,0.0360,3,32,0,60,1.00,0.0,build=F;xcuitest=F,"build:xcodebuild build failed (exit 65) for scheme 'RefreshFixture' | xcuitest:0 executed, 0 passed, 0 failed, 0 skipped — no tests executed",2026-09-02T151710-ui-auto-006-opencode
ui-auto-007,interaction,6,opencode,minimax/MiniMax-M2.7,false,353.0,completed,23660,14110,37770,0.0927,5,93,10,60,1.00,0.0,build=P;xcuitest=F;mutation=P,"build:xcodebuild build succeeded for scheme 'NavigationFixture' | xcuitest:1 executed, 0 passed, 1 failed, 0 skipped — failing: The test runner encountered an error | mutation:The tests failed against a deliberately broken app, so they test the behaviour they claim (Sources/SettingsView.swift: ""navigationTitle(""Settings"")"" → ""navigationTitle(""Settings-mutated"")"")",2026-09-03T151646-ui-auto-007-opencode
ui-auto-007,interaction,6,opencode,minimax/MiniMax-M3,true,971.7,completed,70314,28143,98457,0.1449,5,119,5,60,0.51,30.5,build=P;xcuitest=P,"build:xcodebuild build succeeded for scheme 'NavigationFixture' | xcuitest:1 executed, 1 passed, 0 failed, 0 skipped",2026-09-02T081418-ui-auto-007-opencode
ui-auto-007,interaction,6,opencode,minimax/MiniMax-M2.7,false,198.3,completed,8619,12494,21113,0.0602,5,121,14,60,1.00,0.0,build=F;xcuitest=F,"build:xcodebuild build failed (exit 74) for scheme 'NavigationFixture' | xcuitest:0 executed, 0 passed, 0 failed, 0 skipped — no tests executed",2026-09-02T151910-ui-auto-007-opencode
ui-auto-008,interaction,7,opencode,minimax/MiniMax-M2.7,false,123.5,completed,2898,2504,5402,0.0115,1,46,0,70,1.00,0.0,build=P;xcuitest=F;mutation=F,"build:xcodebuild build succeeded for scheme 'AdaptiveLayoutFixture' | xcuitest:0 executed, 0 passed, 0 failed, 0 skipped — no tests executed | mutation:The tests still passed with the app broken (Sources/JobDetailView.swift: "".accessibilityIdentifier(""start"")"" → "".accessibilityIdentifier(""start-mutated"")""), so they do not assert the behaviour the task asked for",2026-09-03T152243-ui-auto-008-opencode
ui-auto-008,interaction,7,opencode,minimax/MiniMax-M3,true,398.6,completed,125979,14761,140740,0.0854,3,104,2,70,0.36,24.9,build=P;xcuitest=P,"build:xcodebuild build succeeded for scheme 'AdaptiveLayoutFixture' | xcuitest:1 executed, 1 passed, 0 failed, 0 skipped",2026-09-02T083034-ui-auto-008-opencode
ui-auto-008,interaction,7,opencode,minimax/MiniMax-M2.7,false,292.2,completed,12458,6714,19172,0.0384,2,66,0,70,1.00,0.0,build=P;xcuitest=F,"build:xcodebuild build succeeded for scheme 'AdaptiveLayoutFixture' | xcuitest:1 executed, 0 passed, 1 failed, 0 skipped — failing: AdaptiveLayoutTests/testAdaptiveLayoutPortraitToLandscapeToPortrait()",2026-09-02T152232-ui-auto-008-opencode
ui-auto-009,interaction,7,opencode,minimax/MiniMax-M2.7,false,176.9,completed,11002,9837,20839,0.0551,4,230,0,70,1.00,0.0,build=P;xcuitest=F,"build:xcodebuild build succeeded for scheme 'GestureFixture' | xcuitest:1 executed, 0 passed, 1 failed, 0 skipped — failing: GestureFixtureUITests/testPinchToZoomOutChangesPixels()",2026-09-02T152728-ui-auto-009-opencode
ui-auto-009,interaction,7,opencode,minimax/MiniMax-M2.7,false,227.7,completed,5227,9895,15122,0.0356,3,348,0,70,1.00,0.0,build=P;xcuitest=F;mutation=P,"build:xcodebuild build succeeded for scheme 'GestureFixture' | xcuitest:1 executed, 0 passed, 1 failed, 0 skipped — failing: GestureFixtureUITests/testPinchToZoomOut() | mutation:The tests failed against a deliberately broken app, so they test the behaviour they claim (Sources/GestureFixtureApp.swift: "".accessibilityIdentifier(""recorded-gestures"")"" → "".accessibilityIdentifier(""recorded-gestures-mutated"")"")",2026-09-03T152451-ui-auto-009-opencode
ui-auto-009,interaction,7,opencode,minimax/MiniMax-M3,true,594.8,completed,62680,22368,85048,0.1168,3,268,2,70,0.59,41.2,build=P;xcuitest=P,"build:xcodebuild build succeeded for scheme 'GestureFixture' | xcuitest:1 executed, 1 passed, 0 failed, 0 skipped",2026-09-02T083717-ui-auto-009-opencode
ui-auto-010,interaction,8,opencode,minimax/MiniMax-M2.7,false,520.7,completed,26921,13466,40387,0.0950,331,5346,2,80,1.00,0.0,build=P;xcuitest=F;mutation=P,"build:xcodebuild build succeeded for scheme 'SearchFixture' | xcuitest:1 executed, 0 passed, 1 failed, 0 skipped — failing: SearchFixtureUITests/testLocationPermissionAlertHandledAndSearchWorks() | mutation:The tests failed against a deliberately broken app, so they test the behaviour they claim (Sources/PartsSearchView.swift: "".accessibilityIdentifier(""result-\(index)"")"" → "".accessibilityIdentifier(""result-\(index)-mutated"")"")",2026-09-03T152840-ui-auto-010-opencode
ui-auto-010,interaction,8,opencode,minimax/MiniMax-M2.7,true,150.7,completed,9003,5187,14190,0.0266,2,33,4,80,1.00,80.0,build=P;xcuitest=P,"build:xcodebuild build succeeded for scheme 'SearchFixture' | xcuitest:1 executed, 1 passed, 0 failed, 0 skipped",2026-09-02T153026-ui-auto-010-opencode
ui-auto-010,interaction,8,opencode,minimax/MiniMax-M3,false,545.2,completed,12919,32369,45288,0.0458,0,0,0,80,1.00,0.0,build=P;xcuitest=F,"build:xcodebuild build succeeded for scheme 'SearchFixture' | xcuitest:0 executed, 0 passed, 0 failed, 0 skipped — no tests executed",2026-09-02T084716-ui-auto-010-opencode
ui-auto-011,interaction,4,opencode,minimax/MiniMax-M2.7,true,352.7,completed,12544,6979,19523,0.0380,4,50,0,40,1.00,40.0,build=P;xcuitest=P;mutation=P,"build:xcodebuild build succeeded for scheme 'RefreshFixture' | xcuitest:1 executed, 1 passed, 0 failed, 0 skipped | mutation:The tests failed against a deliberately broken app, so they test the behaviour they claim (Sources/ReportView.swift: "".accessibilityIdentifier(""row-\(index)"")"" → "".accessibilityIdentifier(""row-\(index)-mutated"")"")",2026-09-03T153723-ui-auto-011-opencode
ui-auto-011,interaction,4,opencode,minimax/MiniMax-M2.7,true,166.1,completed,10136,6744,16880,0.0372,4,42,2,40,1.00,40.0,build=P;xcuitest=P,"build:xcodebuild build succeeded for scheme 'RefreshFixture' | xcuitest:1 executed, 1 passed, 0 failed, 0 skipped",2026-09-02T153301-ui-auto-011-opencode
ui-auto-011,interaction,4,opencode,minimax/MiniMax-M3,true,739.3,completed,43590,13796,57386,0.0774,3,57,0,40,0.87,34.9,build=P;xcuitest=P,"build:xcodebuild build succeeded for scheme 'RefreshFixture' | xcuitest:1 executed, 1 passed, 0 failed, 0 skipped",2026-09-02T085625-ui-auto-011-opencode
ui-auto-012,interaction,5,opencode,minimax/MiniMax-M2.7,false,89.5,completed,2847,1158,4005,0.0071,1,14,0,50,1.00,0.0,build=P;xcuitest=F;mutation=P,"build:xcodebuild build succeeded for scheme 'SearchFixture' | xcuitest:0 executed, 0 passed, 0 failed, 0 skipped — no tests executed | mutation:The tests failed against a deliberately broken app, so they test the behaviour they claim (Sources/PartsSearchView.swift: "".accessibilityIdentifier(""result-\(index)"")"" → "".accessibilityIdentifier(""result-\(index)-mutated"")"")",2026-09-03T154317-ui-auto-012-opencode
ui-auto-012,interaction,5,opencode,minimax/MiniMax-M3,true,1019.4,completed,29522,34675,64197,0.1852,3,78,7,50,0.78,38.9,build=P;xcuitest=P,"build:xcodebuild build succeeded for scheme 'SearchFixture' | xcuitest:1 executed, 1 passed, 0 failed, 0 skipped",2026-09-02T090848-ui-auto-012-opencode
ui-auto-012,interaction,5,opencode,minimax/MiniMax-M2.7,false,137.0,completed,9607,5559,15166,0.0278,2,26,0,50,1.00,0.0,build=P;xcuitest=F,"build:xcodebuild build succeeded for scheme 'SearchFixture' | xcuitest:1 executed, 0 passed, 1 failed, 0 skipped — failing: SearchFixtureUITests/testSearchFieldLocateAndSearch()",2026-09-02T153551-ui-auto-012-opencode
ui-auto-014,interaction,5,opencode,minimax/MiniMax-M3,true,463.0,completed,43181,14064,57245,0.0700,2,51,0,50,0.87,43.7,build=P;xcuitest=P,"build:xcodebuild build succeeded for scheme 'FormFlowFixture' | xcuitest:1 executed, 1 passed, 0 failed, 0 skipped",2026-09-02T092552-ui-auto-014-opencode
ui-auto-014,interaction,5,opencode,minimax/MiniMax-M2.7,false,91.2,completed,9132,1857,10989,0.0138,1,34,0,50,1.00,0.0,build=P;xcuitest=F,"build:xcodebuild build succeeded for scheme 'FormFlowFixture' | xcuitest:1 executed, 0 passed, 1 failed, 0 skipped — failing: EnrolmentFlowTests/testKeyboardDismissalPreservesFieldContents()",2026-09-02T153812-ui-auto-014-opencode
ui-auto-014,interaction,5,opencode,minimax/MiniMax-M2.7,false,159.3,completed,8263,4157,12420,0.0225,2,46,0,50,1.00,0.0,build=P;xcuitest=F;mutation=P,"build:xcodebuild build succeeded for scheme 'FormFlowFixture' | xcuitest:1 executed, 0 passed, 1 failed, 0 skipped — failing: FormFlowFixtureUITests/testKeyboardDismissalPreservesFieldContents() | mutation:The tests failed against a deliberately broken app, so they test the behaviour they claim (Sources/EnrolmentFlowView.swift: "".accessibilityIdentifier(""full-name"")"" → "".accessibilityIdentifier(""full-name-mutated"")"")",2026-09-03T154451-ui-auto-014-opencode
ui-auto-015,interaction,6,opencode,minimax/MiniMax-M2.7,true,134.5,completed,7862,3081,10943,0.0187,2,29,0,60,1.00,60.0,build=P;xcuitest=P;mutation=P,"build:xcodebuild build succeeded for scheme 'FormFlowFixture' | xcuitest:1 executed, 1 passed, 0 failed, 0 skipped | mutation:The tests failed against a deliberately broken app, so they test the behaviour they claim (Sources/EnrolmentFlowView.swift: "".accessibilityIdentifier(""full-name"")"" → "".accessibilityIdentifier(""full-name-mutated"")"")",2026-09-03T154732-ui-auto-015-opencode
ui-auto-015,interaction,6,opencode,minimax/MiniMax-M3,true,295.3,completed,29958,6800,36758,0.0400,2,39,0,60,1.00,60.0,build=P;xcuitest=P,"build:xcodebuild build succeeded for scheme 'FormFlowFixture' | xcuitest:1 executed, 1 passed, 0 failed, 0 skipped",2026-09-02T093339-ui-auto-015-opencode
ui-auto-015,interaction,6,opencode,minimax/MiniMax-M2.7,true,137.3,completed,9236,1330,10566,0.0134,1,20,0,60,1.00,60.0,build=P;xcuitest=P,"build:xcodebuild build succeeded for scheme 'FormFlowFixture' | xcuitest:1 executed, 1 passed, 0 failed, 0 skipped",2026-09-02T153947-ui-auto-015-opencode
ui-auto-016,interaction,5,opencode,minimax/MiniMax-M2.7,false,110.8,completed,8089,4545,12634,0.0220,2,37,0,50,1.00,0.0,build=P;xcuitest=F;mutation=F,"build:xcodebuild build succeeded for scheme 'FormFlowFixture' | xcuitest:0 executed, 0 passed, 0 failed, 0 skipped — no tests executed | mutation:The tests still passed with the app broken (Sources/EnrolmentFlowView.swift: "".accessibilityIdentifier(""full-name"")"" → "".accessibilityIdentifier(""full-name-mutated"")""), so they do not assert the behaviour the task asked for",2026-09-03T154948-ui-auto-016-opencode
ui-auto-016,interaction,5,opencode,minimax/MiniMax-M3,false,1578.4,timeout,192840,56299,249139,0.2893,4,187,2,50,0.25,0.0,build=P;xcuitest=F,"build:xcodebuild build succeeded for scheme 'FormFlowFixture' | xcuitest:1 executed, 0 passed, 1 failed, 0 skipped — failing: FormFlowFixtureUITests/testReturnKeySubmitsWithoutClearingAndAdvancesFocus()",2026-09-02T093839-ui-auto-016-opencode
ui-auto-016,interaction,5,opencode,minimax/MiniMax-M2.7,true,857.4,completed,31992,22429,54421,0.1348,2,40,8,50,0.92,45.9,build=P;xcuitest=P,"build:xcodebuild build succeeded for scheme 'FormFlowFixture' | xcuitest:1 executed, 1 passed, 0 failed, 0 skipped",2026-09-02T154209-ui-auto-016-opencode
ui-auto-017,interaction,6,opencode,minimax/MiniMax-M3,true,246.9,completed,26807,5066,31873,0.0289,4,160,0,60,1.00,60.0,build=P;xcuitest=P;file=P,"build:xcodebuild build succeeded for scheme 'SafeAreaFixture' | xcuitest:1 executed, 1 passed, 0 failed, 0 skipped | file:1 file assertion(s) satisfied",2026-09-02T100501-ui-auto-017-opencode
ui-auto-017,interaction,6,opencode,minimax/MiniMax-M2.7,false,109.1,completed,2355,2597,4952,0.0112,1,21,0,60,1.00,0.0,build=P;xcuitest=F;file=F,"build:xcodebuild build succeeded for scheme 'SafeAreaFixture' | xcuitest:0 executed, 0 passed, 0 failed, 0 skipped — no tests executed | file:snapshot.txt: expected to exist",2026-09-02T155630-ui-auto-017-opencode
ui-auto-017,interaction,6,opencode,minimax/MiniMax-M2.7,false,148.2,completed,8795,6804,15599,0.0352,3,38,1,60,1.00,0.0,trajectory=P;build=P;xcuitest=F;file=F;mutation=P,"trajectory:The agent's recorded commands show the work behind the deliverable (1 command(s)) | build:xcodebuild build succeeded for scheme 'SafeAreaFixture' | xcuitest:0 executed, 0 passed, 0 failed, 0 skipped — no tests executed | file:snapshot.txt: expected to exist | mutation:The tests failed against a deliberately broken app, so they test the behaviour they claim (Sources/BasketView.swift: "".accessibilityIdentifier(""checkout"")"" → "".accessibilityIdentifier(""checkout-mutated"")"")",2026-09-03T155143-ui-auto-017-opencode
ui-auto-018,interaction,8,opencode,minimax/MiniMax-M2.7,false,236.3,completed,13066,7851,20917,0.0423,333,5423,13,80,1.00,0.0,build=P;xcuitest=F,"build:xcodebuild build succeeded for scheme 'FormFlowFixture' | xcuitest:1 executed, 0 passed, 1 failed, 0 skipped — failing: FormFlowEndToEndTests/testCompleteFlowEndToEnd()",2026-09-02T155823-ui-auto-018-opencode
ui-auto-018,interaction,8,opencode,minimax/MiniMax-M3,true,509.5,completed,55228,24785,80013,0.0994,3,124,9,80,0.62,50.0,build=P;xcuitest=P,"build:xcodebuild build succeeded for scheme 'FormFlowFixture' | xcuitest:1 executed, 1 passed, 0 failed, 0 skipped",2026-09-02T100912-ui-auto-018-opencode
ui-auto-018,interaction,8,opencode,minimax/MiniMax-M2.7,true,214.4,completed,4832,6008,10840,0.0198,3,124,15,80,1.00,80.0,build=P;xcuitest=P;mutation=P,"build:xcodebuild build succeeded for scheme 'FormFlowFixture' | xcuitest:1 executed, 1 passed, 0 failed, 0 skipped | mutation:The tests failed against a deliberately broken app, so they test the behaviour they claim (Sources/EnrolmentFlowView.swift: "".accessibilityIdentifier(""full-name"")"" → "".accessibilityIdentifier(""full-name-mutated"")"")",2026-09-03T155416-ui-auto-018-opencode
ui-auto-019,interaction,5,opencode,minimax/MiniMax-M3,false,355.9,completed,37942,11318,49260,0.0589,2,23,0,50,1.00,0.0,build=P;xcuitest=F,"build:xcodebuild build succeeded for scheme 'DynamicTypeFixture' | xcuitest:1 executed, 0 passed, 1 failed, 0 skipped — failing: WelcomeLabelTests/testWelcomeLabelAppearsAndCanBeTapped()",2026-09-02T101746-ui-auto-019-opencode
ui-auto-019,interaction,5,opencode,minimax/MiniMax-M2.7,false,112.7,completed,13681,4721,18402,0.0294,2,23,0,50,1.00,0.0,build=P;xcuitest=F;mutation=P,"build:xcodebuild build succeeded for scheme 'DynamicTypeFixture' | xcuitest:0 executed, 0 passed, 0 failed, 0 skipped — no tests executed | mutation:The tests failed against a deliberately broken app, so they test the behaviour they claim (Sources/SettingsListView.swift: "".accessibilityIdentifier(""\(identifier)-name"")"" → "".accessibilityIdentifier(""\(identifier)-name-mutated"")"")",2026-09-03T155752-ui-auto-019-opencode
ui-auto-019,interaction,5,opencode,minimax/MiniMax-M2.7,false,77.5,completed,7103,2802,9905,0.0174,2,20,0,50,1.00,0.0,build=P;xcuitest=F,"build:xcodebuild build succeeded for scheme 'DynamicTypeFixture' | xcuitest:0 executed, 0 passed, 0 failed, 0 skipped — no tests executed",2026-09-02T160224-ui-auto-019-opencode
visual-001,visual,1,opencode,minimax/MiniMax-M2.7,true,136.8,completed,314,1166,1480,0.0062,1,1,2,10,1.00,10.0,build=P;xcuitest=P,"build:xcodebuild build succeeded for scheme 'TruncationFixture' | xcuitest:2 executed, 2 passed, 0 failed, 0 skipped",2026-09-02T160345-visual-001-opencode
visual-001,visual,1,opencode,minimax/MiniMax-M3,true,73.4,completed,9781,725,10506,0.0073,1,1,2,10,1.00,10.0,build=P;xcuitest=P,"build:xcodebuild build succeeded for scheme 'TruncationFixture' | xcuitest:2 executed, 2 passed, 0 failed, 0 skipped",2026-09-02T102346-visual-001-opencode
visual-003,visual,3,opencode,minimax/MiniMax-M3,true,168.9,completed,12408,2201,14609,0.0105,1,15,16,30,1.00,30.0,build=P;xcuitest=P,"build:xcodebuild build succeeded for scheme 'SafeAreaFixture' | xcuitest:1 executed, 1 passed, 0 failed, 0 skipped",2026-09-02T102504-visual-003-opencode
visual-003,visual,3,opencode,minimax/MiniMax-M2.7,true,74.1,completed,1013,1157,2170,0.0058,1,2,1,30,1.00,30.0,build=P;xcuitest=P,"build:xcodebuild build succeeded for scheme 'SafeAreaFixture' | xcuitest:1 executed, 1 passed, 0 failed, 0 skipped",2026-09-02T160606-visual-003-opencode
visual-004,visual,4,opencode,minimax/MiniMax-M3,true,247.7,completed,18106,4002,22108,0.0176,1,18,8,40,1.00,40.0,build=P;xcuitest=P,"build:xcodebuild build succeeded for scheme 'DynamicTypeFixture' | xcuitest:2 executed, 2 passed, 0 failed, 0 skipped",2026-09-02T102757-visual-004-opencode
visual-004,visual,4,opencode,minimax/MiniMax-M2.7,true,692.4,completed,11127,29127,40254,0.1824,1,26,8,40,1.00,40.0,build=P;xcuitest=P,"build:xcodebuild build succeeded for scheme 'DynamicTypeFixture' | xcuitest:2 executed, 2 passed, 0 failed, 0 skipped",2026-09-02T160724-visual-004-opencode
visual-005,visual,5,opencode,minimax/MiniMax-M2.7,true,96.4,completed,4652,2177,6829,0.0116,1,30,1,50,1.00,50.0,build=P;xcuitest=P,"build:xcodebuild build succeeded for scheme 'AdaptiveLayoutFixture' | xcuitest:2 executed, 2 passed, 0 failed, 0 skipped",2026-09-02T161901-visual-005-opencode
visual-005,visual,5,opencode,minimax/MiniMax-M3,true,197.9,completed,16879,2416,19295,0.0143,1,23,8,50,1.00,50.0,build=P;xcuitest=P,"build:xcodebuild build succeeded for scheme 'AdaptiveLayoutFixture' | xcuitest:2 executed, 2 passed, 0 failed, 0 skipped",2026-09-02T103209-visual-005-opencode
widget-001,frameworks,3,opencode,minimax/MiniMax-M3,false,25.1,completed,7390,982,8372,0.0059,1,1,1,30,1.00,0.0,build=F;xctest=F,"build:xcodebuild build failed (exit 65) for scheme 'WidgetTimelineFixture' | xctest:0 executed, 0 passed, 0 failed, 0 skipped — no tests executed",2026-09-02T103531-widget-001-opencode
widget-001,frameworks,3,opencode,minimax/MiniMax-M2.7,false,51.0,completed,537,928,1465,0.0044,1,12,1,30,1.00,0.0,build=P;xctest=F,"build:xcodebuild build succeeded for scheme 'WidgetTimelineFixture' | xctest:1 executed, 0 passed, 1 failed, 0 skipped — failing: StatusProviderTests/testTimelineContainsTheShopStatus()",2026-09-02T162041-widget-001-opencode
widget-002,frameworks,5,opencode,minimax/MiniMax-M3,false,208.0,completed,39722,18895,58617,0.0632,2,80,18,50,0.85,0.0,build=P;xctest=F,"build:xcodebuild build succeeded for scheme 'Widget002Fixture' | xctest:0 executed, 0 passed, 0 failed, 0 skipped — no tests executed",2026-09-02T114242-widget-002-opencode
widget-002,frameworks,5,opencode,minimax/MiniMax-M2.7,false,90.7,completed,5635,4364,9999,0.0222,3,160,2,50,1.00,0.0,build=F;xctest=F,"build:xcodebuild build failed (exit 65) for scheme 'Widget002Fixture' | xctest:0 executed, 0 passed, 0 failed, 0 skipped — no tests executed",2026-09-02T173316-widget-002-opencode
widget-003,frameworks,4,opencode,minimax/MiniMax-M3,true,38.5,completed,17140,940,18080,0.0108,1,1,1,40,1.00,40.0,build=P;xctest=P,"build:xcodebuild build succeeded for scheme 'Widget003Fixture' | xctest:3 executed, 3 passed, 0 failed, 0 skipped",2026-09-02T114611-widget-003-opencode
widget-003,frameworks,4,opencode,minimax/MiniMax-M2.7,true,55.3,completed,713,790,1503,0.0044,1,1,1,40,1.00,40.0,build=P;xctest=P,"build:xcodebuild build succeeded for scheme 'Widget003Fixture' | xctest:3 executed, 3 passed, 0 failed, 0 skipped",2026-09-02T173447-widget-003-opencode
